0 verbose cli C:\nvm4w\nodejs\node.exe C:\nvm4w\nodejs\node_modules\npm\bin\npm-cli.js
1 info using npm@11.4.1
2 info using node@v22.13.1
3 silly config load:file:C:\Users\bunny\AppData\Local\nvm\v22.13.1\node_modules\npm\npmrc
4 silly config load:file:C:\Users\bunny\OneDrive\Desktop\D UI\.npmrc
5 silly config load:file:C:\Users\bunny\.npmrc
6 silly config load:file:C:\nvm4w\nodejs\etc\npmrc
7 verbose title npm install
8 verbose argv "install"
9 verbose logfile logs-max:10 dir:C:\Users\bunny\OneDrive\Desktop\D UI\%AppData%\npm-cache\_logs\2026-04-04T10_47_42_883Z-
10 verbose logfile C:\Users\bunny\OneDrive\Desktop\D UI\%AppData%\npm-cache\_logs\2026-04-04T10_47_42_883Z-debug-0.log
11 silly logfile done cleaning log files
12 silly packumentCache heap:4345298944 maxSize:1086324736 maxEntrySize:543162368
13 silly idealTree buildDeps
14 silly fetch manifest axios@^1.6.7
15 silly packumentCache full:https://registry.npmjs.org/axios cache-miss
16 http fetch GET 200 https://registry.npmjs.org/axios 241ms (cache miss)
17 silly packumentCache full:https://registry.npmjs.org/axios set size:undefined disposed:false
18 silly fetch manifest framer-motion@^11.0.8
19 silly packumentCache full:https://registry.npmjs.org/framer-motion cache-miss
20 http fetch GET 200 https://registry.npmjs.org/framer-motion 241ms (cache miss)
21 silly packumentCache full:https://registry.npmjs.org/framer-motion set size:undefined disposed:false
22 silly fetch manifest @emotion/is-prop-valid@*
23 silly packumentCache full:https://registry.npmjs.org/@emotion%2fis-prop-valid cache-miss
24 http fetch GET 200 https://registry.npmjs.org/@emotion%2fis-prop-valid 76ms (cache miss)
25 silly packumentCache full:https://registry.npmjs.org/@emotion%2fis-prop-valid set size:undefined disposed:false
26 silly fetch manifest react@^18.2.0
27 silly packumentCache full:https://registry.npmjs.org/react cache-miss
28 http fetch GET 200 https://registry.npmjs.org/react 234ms (cache miss)
29 silly packumentCache full:https://registry.npmjs.org/react set size:undefined disposed:false
30 silly fetch manifest react-dom@^18.2.0
31 silly packumentCache full:https://registry.npmjs.org/react-dom cache-miss
32 http fetch GET 200 https://registry.npmjs.org/react-dom 252ms (cache miss)
33 silly packumentCache full:https://registry.npmjs.org/react-dom set size:undefined disposed:false
34 silly fetch manifest lucide-react@^0.344.0
35 silly packumentCache full:https://registry.npmjs.org/lucide-react cache-miss
36 http fetch GET 200 https://registry.npmjs.org/lucide-react 126ms (cache miss)
37 silly packumentCache full:https://registry.npmjs.org/lucide-react set size:undefined disposed:false
38 silly fetch manifest react-router-dom@^6.22.2
39 silly packumentCache full:https://registry.npmjs.org/react-router-dom cache-miss
40 http fetch GET 200 https://registry.npmjs.org/react-router-dom 368ms (cache miss)
41 silly packumentCache full:https://registry.npmjs.org/react-router-dom set size:undefined disposed:false
42 silly fetch manifest recharts@^2.12.2
43 silly packumentCache full:https://registry.npmjs.org/recharts cache-miss
44 http fetch GET 200 https://registry.npmjs.org/recharts 85ms (cache miss)
45 silly packumentCache full:https://registry.npmjs.org/recharts set size:undefined disposed:false
46 silly fetch manifest @types/react@^18.2.56
47 silly packumentCache full:https://registry.npmjs.org/@types%2freact cache-miss
48 http fetch GET 200 https://registry.npmjs.org/@types%2freact 133ms (cache miss)
49 silly packumentCache full:https://registry.npmjs.org/@types%2freact set size:undefined disposed:false
50 silly fetch manifest @types/react-dom@^18.2.19
51 silly packumentCache full:https://registry.npmjs.org/@types%2freact-dom cache-miss
52 http fetch GET 200 https://registry.npmjs.org/@types%2freact-dom 85ms (cache miss)
53 silly packumentCache full:https://registry.npmjs.org/@types%2freact-dom set size:undefined disposed:false
54 silly fetch manifest @vitejs/plugin-react@^4.2.1
55 silly packumentCache full:https://registry.npmjs.org/@vitejs%2fplugin-react cache-miss
56 http fetch GET 200 https://registry.npmjs.org/@vitejs%2fplugin-react 69ms (cache miss)
57 silly packumentCache full:https://registry.npmjs.org/@vitejs%2fplugin-react set size:undefined disposed:false
58 silly fetch manifest vite@^5.1.4
59 silly packumentCache full:https://registry.npmjs.org/vite cache-miss
60 http fetch GET 200 https://registry.npmjs.org/vite 857ms (cache miss)
61 silly packumentCache full:https://registry.npmjs.org/vite set size:undefined disposed:false
62 silly fetch manifest @types/node@^18.0.0 || >=20.0.0
63 silly packumentCache full:https://registry.npmjs.org/@types%2fnode cache-miss
64 http fetch GET 200 https://registry.npmjs.org/@types%2fnode 285ms (cache miss)
65 silly packumentCache full:https://registry.npmjs.org/@types%2fnode set size:undefined disposed:false
66 silly fetch manifest less@*
67 silly packumentCache full:https://registry.npmjs.org/less cache-miss
68 http fetch GET 200 https://registry.npmjs.org/less 74ms (cache miss)
69 silly packumentCache full:https://registry.npmjs.org/less set size:undefined disposed:false
70 silly fetch manifest lightningcss@^1.21.0
71 silly packumentCache full:https://registry.npmjs.org/lightningcss cache-miss
72 http fetch GET 200 https://registry.npmjs.org/lightningcss 120ms (cache miss)
73 silly packumentCache full:https://registry.npmjs.org/lightningcss set size:undefined disposed:false
74 silly fetch manifest sass@*
75 silly packumentCache full:https://registry.npmjs.org/sass cache-miss
76 http fetch GET 200 https://registry.npmjs.org/sass 87ms (cache miss)
77 silly packumentCache full:https://registry.npmjs.org/sass set size:undefined disposed:false
78 silly fetch manifest sass-embedded@*
79 silly packumentCache full:https://registry.npmjs.org/sass-embedded cache-miss
80 http fetch GET 200 https://registry.npmjs.org/sass-embedded 71ms (cache miss)
81 silly packumentCache full:https://registry.npmjs.org/sass-embedded set size:undefined disposed:false
82 silly fetch manifest stylus@*
83 silly packumentCache full:https://registry.npmjs.org/stylus cache-miss
84 http fetch GET 200 https://registry.npmjs.org/stylus 60ms (cache miss)
85 silly packumentCache full:https://registry.npmjs.org/stylus set size:undefined disposed:false
86 silly fetch manifest sugarss@*
87 silly packumentCache full:https://registry.npmjs.org/sugarss cache-miss
88 http fetch GET 200 https://registry.npmjs.org/sugarss 53ms (cache miss)
89 silly packumentCache full:https://registry.npmjs.org/sugarss set size:undefined disposed:false
90 silly fetch manifest postcss@^8.3.3
91 silly packumentCache full:https://registry.npmjs.org/postcss cache-miss
92 http fetch GET 200 https://registry.npmjs.org/postcss 94ms (cache miss)
93 silly packumentCache full:https://registry.npmjs.org/postcss set size:undefined disposed:false
94 silly fetch manifest terser@^5.4.0
95 silly packumentCache full:https://registry.npmjs.org/terser cache-miss
96 http fetch GET 200 https://registry.npmjs.org/terser 80ms (cache miss)
97 silly packumentCache full:https://registry.npmjs.org/terser set size:undefined disposed:false
98 silly placeDep ROOT @types/react@18.3.28 OK for: gigshield-ai@0.0.0 want: ^18.2.56
99 silly placeDep ROOT @types/react-dom@18.3.7 OK for: gigshield-ai@0.0.0 want: ^18.2.19
100 silly placeDep ROOT @vitejs/plugin-react@4.7.0 OK for: gigshield-ai@0.0.0 want: ^4.2.1
101 silly placeDep ROOT vite@5.4.21 OK for: @vitejs/plugin-react@4.7.0 want: ^4.2.0 || ^5.0.0 || ^6.0.0 || ^7.0.0
102 silly placeDep ROOT axios@1.14.0 OK for: gigshield-ai@0.0.0 want: ^1.6.7
103 silly placeDep ROOT framer-motion@11.18.2 OK for: gigshield-ai@0.0.0 want: ^11.0.8
104 silly placeDep ROOT lucide-react@0.344.0 OK for: gigshield-ai@0.0.0 want: ^0.344.0
105 silly placeDep ROOT react@18.3.1 OK for: lucide-react@0.344.0 want: ^16.5.1 || ^17.0.0 || ^18.0.0
106 silly placeDep ROOT react-dom@18.3.1 OK for: gigshield-ai@0.0.0 want: ^18.2.0
107 silly placeDep ROOT react-router-dom@6.30.3 OK for: gigshield-ai@0.0.0 want: ^6.22.2
108 silly placeDep ROOT recharts@2.15.4 OK for: gigshield-ai@0.0.0 want: ^2.12.2
109 silly fetch manifest csstype@^3.2.2
110 silly packumentCache full:https://registry.npmjs.org/csstype cache-miss
111 silly fetch manifest @types/prop-types@*
112 silly packumentCache full:https://registry.npmjs.org/@types%2fprop-types cache-miss
113 silly fetch manifest @babel/core@^7.28.0
114 silly packumentCache full:https://registry.npmjs.org/@babel%2fcore cache-miss
115 silly fetch manifest react-refresh@^0.17.0
116 silly packumentCache full:https://registry.npmjs.org/react-refresh cache-miss
117 silly fetch manifest @types/babel__core@^7.20.5
118 silly packumentCache full:https://registry.npmjs.org/@types%2fbabel__core cache-miss
119 silly fetch manifest @rolldown/pluginutils@1.0.0-beta.27
120 silly packumentCache full:https://registry.npmjs.org/@rolldown%2fpluginutils cache-miss
121 silly fetch manifest @babel/plugin-transform-react-jsx-self@^7.27.1
122 silly packumentCache full:https://registry.npmjs.org/@babel%2fplugin-transform-react-jsx-self cache-miss
123 silly fetch manifest @babel/plugin-transform-react-jsx-source@^7.27.1
124 silly packumentCache full:https://registry.npmjs.org/@babel%2fplugin-transform-react-jsx-source cache-miss
125 silly fetch manifest rollup@^4.20.0
126 silly packumentCache full:https://registry.npmjs.org/rollup cache-miss
127 silly fetch manifest esbuild@^0.21.3
128 silly packumentCache full:https://registry.npmjs.org/esbuild cache-miss
129 silly fetch manifest postcss@^8.4.43
130 silly packumentCache full:https://registry.npmjs.org/postcss cache-miss
131 silly fetch manifest fsevents@~2.3.3
132 silly packumentCache full:https://registry.npmjs.org/fsevents cache-miss
133 silly fetch manifest form-data@^4.0.5
134 silly packumentCache full:https://registry.npmjs.org/form-data cache-miss
135 silly fetch manifest proxy-from-env@^2.1.0
136 silly packumentCache full:https://registry.npmjs.org/proxy-from-env cache-miss
137 silly fetch manifest follow-redirects@^1.15.11
138 silly packumentCache full:https://registry.npmjs.org/follow-redirects cache-miss
139 http cache https://registry.npmjs.org/postcss 49ms (cache hit)
140 silly packumentCache full:https://registry.npmjs.org/postcss set size:702266 disposed:false
141 silly fetch manifest tslib@^2.4.0
142 silly packumentCache full:https://registry.npmjs.org/tslib cache-miss
143 http fetch GET 200 https://registry.npmjs.org/csstype 85ms (cache miss)
144 silly packumentCache full:https://registry.npmjs.org/csstype set size:undefined disposed:false
145 silly fetch manifest motion-dom@^11.18.1
146 silly packumentCache full:https://registry.npmjs.org/motion-dom cache-miss
147 http fetch GET 200 https://registry.npmjs.org/motion-dom 128ms (cache miss)
148 silly packumentCache full:https://registry.npmjs.org/motion-dom set size:undefined disposed:false
149 silly fetch manifest motion-utils@^11.18.1
150 silly packumentCache full:https://registry.npmjs.org/motion-utils cache-miss
151 http fetch GET 200 https://registry.npmjs.org/@types%2fbabel__core 340ms (cache miss)
152 silly packumentCache full:https://registry.npmjs.org/@types%2fbabel__core set size:undefined disposed:false
153 silly fetch manifest loose-envify@^1.1.0
154 silly packumentCache full:https://registry.npmjs.org/loose-envify cache-miss
155 http fetch GET 200 https://registry.npmjs.org/fsevents 343ms (cache miss)
156 silly packumentCache full:https://registry.npmjs.org/fsevents set size:undefined disposed:false
157 silly fetch manifest scheduler@^0.23.2
158 silly packumentCache full:https://registry.npmjs.org/scheduler cache-miss
159 http fetch GET 200 https://registry.npmjs.org/proxy-from-env 350ms (cache miss)
160 silly packumentCache full:https://registry.npmjs.org/proxy-from-env set size:undefined disposed:false
161 silly fetch manifest loose-envify@^1.1.0
162 silly packumentCache full:https://registry.npmjs.org/loose-envify cache-miss
163 http fetch GET 200 https://registry.npmjs.org/motion-utils 140ms (cache miss)
164 silly packumentCache full:https://registry.npmjs.org/motion-utils set size:undefined disposed:false
165 silly fetch manifest react-router@6.30.3
166 silly packumentCache full:https://registry.npmjs.org/react-router cache-miss
167 http fetch GET 200 https://registry.npmjs.org/form-data 382ms (cache miss)
168 silly packumentCache full:https://registry.npmjs.org/form-data set size:undefined disposed:false
169 silly fetch manifest @remix-run/router@1.23.2
170 silly packumentCache full:https://registry.npmjs.org/@remix-run%2frouter cache-miss
171 http fetch GET 200 https://registry.npmjs.org/tslib 333ms (cache miss)
172 silly packumentCache full:https://registry.npmjs.org/tslib set size:undefined disposed:false
173 silly fetch manifest clsx@^2.0.0
174 silly packumentCache full:https://registry.npmjs.org/clsx cache-miss
175 http fetch GET 200 https://registry.npmjs.org/@babel%2fcore 406ms (cache miss)
176 silly packumentCache full:https://registry.npmjs.org/@babel%2fcore set size:undefined disposed:false
177 silly fetch manifest lodash@^4.17.21
178 silly packumentCache full:https://registry.npmjs.org/lodash cache-miss
179 http fetch GET 200 https://registry.npmjs.org/follow-redirects 409ms (cache miss)
180 silly packumentCache full:https://registry.npmjs.org/follow-redirects set size:undefined disposed:false
181 silly fetch manifest react-is@^18.3.1
182 silly packumentCache full:https://registry.npmjs.org/react-is cache-miss
183 http fetch GET 200 https://registry.npmjs.org/@rolldown%2fpluginutils 419ms (cache miss)
184 silly packumentCache full:https://registry.npmjs.org/@rolldown%2fpluginutils set size:undefined disposed:false
185 silly fetch manifest react-smooth@^4.0.4
186 silly packumentCache full:https://registry.npmjs.org/react-smooth cache-miss
187 http fetch GET 200 https://registry.npmjs.org/@babel%2fplugin-transform-react-jsx-source 424ms (cache miss)
188 silly packumentCache full:https://registry.npmjs.org/@babel%2fplugin-transform-react-jsx-source set size:undefined disposed:false
189 silly fetch manifest eventemitter3@^4.0.1
190 silly packumentCache full:https://registry.npmjs.org/eventemitter3 cache-miss
191 http fetch GET 200 https://registry.npmjs.org/@babel%2fplugin-transform-react-jsx-self 431ms (cache miss)
192 silly packumentCache full:https://registry.npmjs.org/@babel%2fplugin-transform-react-jsx-self set size:undefined disposed:false
193 silly fetch manifest recharts-scale@^0.4.4
194 silly packumentCache full:https://registry.npmjs.org/recharts-scale cache-miss
195 http fetch GET 200 https://registry.npmjs.org/loose-envify 94ms (cache miss)
196 silly packumentCache full:https://registry.npmjs.org/loose-envify set size:undefined disposed:false
197 silly fetch manifest tiny-invariant@^1.3.1
198 silly packumentCache full:https://registry.npmjs.org/tiny-invariant cache-miss
199 http fetch GET 200 https://registry.npmjs.org/loose-envify 110ms (cache miss)
200 silly packumentCache full:https://registry.npmjs.org/loose-envify set size:undefined disposed:false
201 silly fetch manifest victory-vendor@^36.6.8
202 silly packumentCache full:https://registry.npmjs.org/victory-vendor cache-miss
203 http fetch GET 200 https://registry.npmjs.org/esbuild 472ms (cache miss)
204 silly packumentCache full:https://registry.npmjs.org/esbuild set size:undefined disposed:false
205 http fetch GET 200 https://registry.npmjs.org/clsx 244ms (cache miss)
206 silly packumentCache full:https://registry.npmjs.org/clsx set size:undefined disposed:false
207 http fetch GET 200 https://registry.npmjs.org/@types%2fprop-types 656ms (cache miss)
208 silly packumentCache full:https://registry.npmjs.org/@types%2fprop-types set size:undefined disposed:false
209 http fetch GET 200 https://registry.npmjs.org/tiny-invariant 210ms (cache miss)
210 silly packumentCache full:https://registry.npmjs.org/tiny-invariant set size:undefined disposed:false
211 http fetch GET 200 https://registry.npmjs.org/eventemitter3 238ms (cache miss)
212 silly packumentCache full:https://registry.npmjs.org/eventemitter3 set size:undefined disposed:false
213 http fetch GET 200 https://registry.npmjs.org/react-smooth 254ms (cache miss)
214 silly packumentCache full:https://registry.npmjs.org/react-smooth set size:undefined disposed:false
215 http fetch GET 200 https://registry.npmjs.org/lodash 271ms (cache miss)
216 silly packumentCache full:https://registry.npmjs.org/lodash set size:undefined disposed:false
217 http fetch GET 200 https://registry.npmjs.org/victory-vendor 236ms (cache miss)
218 silly packumentCache full:https://registry.npmjs.org/victory-vendor set size:undefined disposed:false
219 http fetch GET 200 https://registry.npmjs.org/@remix-run%2frouter 318ms (cache miss)
220 silly packumentCache full:https://registry.npmjs.org/@remix-run%2frouter set size:undefined disposed:false
221 http fetch GET 200 https://registry.npmjs.org/react-router 378ms (cache miss)
222 silly packumentCache full:https://registry.npmjs.org/react-router set size:undefined disposed:false
223 http fetch GET 200 https://registry.npmjs.org/rollup 806ms (cache miss)
224 silly packumentCache full:https://registry.npmjs.org/rollup set size:undefined disposed:false
225 http fetch GET 200 https://registry.npmjs.org/react-refresh 958ms (cache miss)
226 silly packumentCache full:https://registry.npmjs.org/react-refresh set size:undefined disposed:false
227 http fetch GET 200 https://registry.npmjs.org/scheduler 782ms (cache miss)
228 silly packumentCache full:https://registry.npmjs.org/scheduler set size:undefined disposed:false
229 http fetch GET 200 https://registry.npmjs.org/react-is 786ms (cache miss)
230 silly packumentCache full:https://registry.npmjs.org/react-is set size:undefined disposed:false
231 http fetch GET 200 https://registry.npmjs.org/recharts-scale 857ms (cache miss)
232 silly packumentCache full:https://registry.npmjs.org/recharts-scale set size:undefined disposed:false
233 silly placeDep ROOT @types/prop-types@15.7.15 OK for: @types/react@18.3.28 want: *
234 silly placeDep ROOT csstype@3.2.3 OK for: @types/react@18.3.28 want: ^3.2.2
235 silly placeDep ROOT @babel/core@7.29.0 OK for: @vitejs/plugin-react@4.7.0 want: ^7.28.0
236 silly placeDep ROOT @babel/plugin-transform-react-jsx-self@7.27.1 OK for: @vitejs/plugin-react@4.7.0 want: ^7.27.1
237 silly placeDep ROOT @babel/plugin-transform-react-jsx-source@7.27.1 OK for: @vitejs/plugin-react@4.7.0 want: ^7.27.1
238 silly placeDep ROOT @rolldown/pluginutils@1.0.0-beta.27 OK for: @vitejs/plugin-react@4.7.0 want: 1.0.0-beta.27
239 silly placeDep ROOT @types/babel__core@7.20.5 OK for: @vitejs/plugin-react@4.7.0 want: ^7.20.5
240 silly placeDep ROOT react-refresh@0.17.0 OK for: @vitejs/plugin-react@4.7.0 want: ^0.17.0
241 silly fetch manifest debug@^4.1.0
242 silly packumentCache full:https://registry.npmjs.org/debug cache-miss
243 silly fetch manifest json5@^2.2.3
244 silly packumentCache full:https://registry.npmjs.org/json5 cache-miss
245 silly fetch manifest semver@^6.3.1
246 silly packumentCache full:https://registry.npmjs.org/semver cache-miss
247 silly fetch manifest gensync@^1.0.0-beta.2
248 silly packumentCache full:https://registry.npmjs.org/gensync cache-miss
249 silly fetch manifest @babel/types@^7.29.0
250 silly packumentCache full:https://registry.npmjs.org/@babel%2ftypes cache-miss
251 silly fetch manifest @babel/parser@^7.29.0
252 silly packumentCache full:https://registry.npmjs.org/@babel%2fparser cache-miss
253 silly fetch manifest @babel/helpers@^7.28.6
254 silly packumentCache full:https://registry.npmjs.org/@babel%2fhelpers cache-miss
255 silly fetch manifest @babel/template@^7.28.6
256 silly packumentCache full:https://registry.npmjs.org/@babel%2ftemplate cache-miss
257 silly fetch manifest @babel/traverse@^7.29.0
258 silly packumentCache full:https://registry.npmjs.org/@babel%2ftraverse cache-miss
259 silly fetch manifest @babel/generator@^7.29.0
260 silly packumentCache full:https://registry.npmjs.org/@babel%2fgenerator cache-miss
261 silly fetch manifest @babel/code-frame@^7.29.0
262 silly packumentCache full:https://registry.npmjs.org/@babel%2fcode-frame cache-miss
263 silly fetch manifest convert-source-map@^2.0.0
264 silly packumentCache full:https://registry.npmjs.org/convert-source-map cache-miss
265 silly fetch manifest @jridgewell/remapping@^2.3.5
266 silly packumentCache full:https://registry.npmjs.org/@jridgewell%2fremapping cache-miss
267 silly fetch manifest @babel/helper-module-transforms@^7.28.6
268 silly packumentCache full:https://registry.npmjs.org/@babel%2fhelper-module-transforms cache-miss
269 silly fetch manifest @babel/helper-compilation-targets@^7.28.6
270 silly packumentCache full:https://registry.npmjs.org/@babel%2fhelper-compilation-targets cache-miss
271 http fetch GET 200 https://registry.npmjs.org/json5 228ms (cache miss)
272 silly packumentCache full:https://registry.npmjs.org/json5 set size:undefined disposed:false
273 silly fetch manifest @babel/helper-plugin-utils@^7.27.1
274 silly packumentCache full:https://registry.npmjs.org/@babel%2fhelper-plugin-utils cache-miss
275 http fetch GET 200 https://registry.npmjs.org/gensync 281ms (cache miss)
276 silly packumentCache full:https://registry.npmjs.org/gensync set size:undefined disposed:false
277 silly fetch manifest @babel/helper-plugin-utils@^7.27.1
278 silly packumentCache full:https://registry.npmjs.org/@babel%2fhelper-plugin-utils cache-miss
279 http fetch GET 200 https://registry.npmjs.org/convert-source-map 319ms (cache miss)
280 silly packumentCache full:https://registry.npmjs.org/convert-source-map set size:undefined disposed:false
281 silly fetch manifest @babel/types@^7.20.7
282 silly packumentCache full:https://registry.npmjs.org/@babel%2ftypes cache-miss
283 http fetch GET 200 https://registry.npmjs.org/debug 329ms (cache miss)
284 silly packumentCache full:https://registry.npmjs.org/debug set size:undefined disposed:false
285 silly fetch manifest @babel/parser@^7.20.7
286 silly packumentCache full:https://registry.npmjs.org/@babel%2fparser cache-miss
287 http fetch GET 200 https://registry.npmjs.org/@jridgewell%2fremapping 400ms (cache miss)
288 silly packumentCache full:https://registry.npmjs.org/@jridgewell%2fremapping set size:undefined disposed:false
289 silly fetch manifest @types/babel__template@*
290 silly packumentCache full:https://registry.npmjs.org/@types%2fbabel__template cache-miss
291 http fetch GET 200 https://registry.npmjs.org/@babel%2fhelper-compilation-targets 432ms (cache miss)
292 silly packumentCache full:https://registry.npmjs.org/@babel%2fhelper-compilation-targets set size:undefined disposed:false
293 silly fetch manifest @types/babel__traverse@*
294 silly packumentCache full:https://registry.npmjs.org/@types%2fbabel__traverse cache-miss
295 http fetch GET 200 https://registry.npmjs.org/@babel%2fcode-frame 639ms (cache miss)
296 silly packumentCache full:https://registry.npmjs.org/@babel%2fcode-frame set size:undefined disposed:false
297 silly fetch manifest @types/babel__generator@*
298 silly packumentCache full:https://registry.npmjs.org/@types%2fbabel__generator cache-miss
299 http fetch GET 200 https://registry.npmjs.org/semver 686ms (cache miss)
300 silly packumentCache full:https://registry.npmjs.org/semver set size:undefined disposed:false
301 http fetch GET 200 https://registry.npmjs.org/@babel%2fgenerator 786ms (cache miss)
302 silly packumentCache full:https://registry.npmjs.org/@babel%2fgenerator set size:undefined disposed:false
303 http fetch GET 200 https://registry.npmjs.org/@babel%2fhelper-module-transforms 803ms (cache miss)
304 silly packumentCache full:https://registry.npmjs.org/@babel%2fhelper-module-transforms set size:undefined disposed:false
305 http fetch GET 200 https://registry.npmjs.org/@babel%2fhelper-plugin-utils 594ms (cache miss)
306 silly packumentCache full:https://registry.npmjs.org/@babel%2fhelper-plugin-utils set size:undefined disposed:false
307 http fetch GET 200 https://registry.npmjs.org/@babel%2fhelper-plugin-utils 555ms (cache miss)
308 silly packumentCache full:https://registry.npmjs.org/@babel%2fhelper-plugin-utils set size:undefined disposed:false
309 http fetch GET 200 https://registry.npmjs.org/@babel%2fhelpers 899ms (cache miss)
310 silly packumentCache full:https://registry.npmjs.org/@babel%2fhelpers set size:undefined disposed:false
311 http fetch GET 200 https://registry.npmjs.org/@babel%2ftypes 926ms (cache miss)
312 silly packumentCache full:https://registry.npmjs.org/@babel%2ftypes set size:undefined disposed:false
313 http fetch GET 200 https://registry.npmjs.org/@types%2fbabel__template 540ms (cache miss)
314 silly packumentCache full:https://registry.npmjs.org/@types%2fbabel__template set size:undefined disposed:false
315 http fetch GET 200 https://registry.npmjs.org/@babel%2ftraverse 964ms (cache miss)
316 silly packumentCache full:https://registry.npmjs.org/@babel%2ftraverse set size:undefined disposed:false
317 http fetch GET 200 https://registry.npmjs.org/@babel%2fparser 991ms (cache miss)
318 http fetch GET 200 https://registry.npmjs.org/@types%2fbabel__traverse 549ms (cache miss)
319 silly packumentCache full:https://registry.npmjs.org/@types%2fbabel__traverse set size:undefined disposed:false
320 http fetch GET 200 https://registry.npmjs.org/@types%2fbabel__generator 337ms (cache miss)
321 silly packumentCache full:https://registry.npmjs.org/@types%2fbabel__generator set size:undefined disposed:false
322 http fetch GET 200 https://registry.npmjs.org/@babel%2ftypes 734ms (cache miss)
323 silly packumentCache full:https://registry.npmjs.org/@babel%2ftypes set size:undefined disposed:false
324 http fetch GET 200 https://registry.npmjs.org/@babel%2fparser 743ms (cache miss)
325 silly packumentCache full:https://registry.npmjs.org/@babel%2fparser set size:undefined disposed:false
326 http fetch GET 200 https://registry.npmjs.org/@babel%2ftemplate 1228ms (cache miss)
327 silly packumentCache full:https://registry.npmjs.org/@babel%2ftemplate set size:undefined disposed:false
328 silly fetch manifest @babel/parser@^7.29.0
329 silly packumentCache full:https://registry.npmjs.org/@babel%2fparser cache-miss
330 http cache https://registry.npmjs.org/@babel%2fparser 22ms (cache hit)
331 silly packumentCache full:https://registry.npmjs.org/@babel%2fparser set size:718758 disposed:false
332 silly fetch manifest @babel/core@^7.0.0
333 silly packumentCache full:https://registry.npmjs.org/@babel%2fcore cache-miss
334 http cache https://registry.npmjs.org/@babel%2fcore 37ms (cache hit)
335 silly packumentCache full:https://registry.npmjs.org/@babel%2fcore set size:760113 disposed:false
336 silly placeDep ROOT @babel/code-frame@7.29.0 OK for: @babel/core@7.29.0 want: ^7.29.0
337 silly placeDep ROOT @babel/generator@7.29.1 OK for: @babel/core@7.29.0 want: ^7.29.0
338 silly placeDep ROOT @babel/helper-compilation-targets@7.28.6 OK for: @babel/core@7.29.0 want: ^7.28.6
339 silly placeDep ROOT @babel/helper-module-transforms@7.28.6 OK for: @babel/core@7.29.0 want: ^7.28.6
340 silly placeDep ROOT @babel/helpers@7.29.2 OK for: @babel/core@7.29.0 want: ^7.28.6
341 silly placeDep ROOT @babel/parser@7.29.2 OK for: @babel/core@7.29.0 want: ^7.29.0
342 silly placeDep ROOT @babel/template@7.28.6 OK for: @babel/core@7.29.0 want: ^7.28.6
343 silly placeDep ROOT @babel/traverse@7.29.0 OK for: @babel/core@7.29.0 want: ^7.29.0
344 silly placeDep ROOT @babel/types@7.29.0 OK for: @babel/core@7.29.0 want: ^7.29.0
345 silly placeDep ROOT @jridgewell/remapping@2.3.5 OK for: @babel/core@7.29.0 want: ^2.3.5
346 silly placeDep ROOT convert-source-map@2.0.0 OK for: @babel/core@7.29.0 want: ^2.0.0
347 silly placeDep ROOT debug@4.4.3 OK for: @babel/core@7.29.0 want: ^4.1.0
348 silly placeDep ROOT gensync@1.0.0-beta.2 OK for: @babel/core@7.29.0 want: ^1.0.0-beta.2
349 silly placeDep ROOT json5@2.2.3 OK for: @babel/core@7.29.0 want: ^2.2.3
350 silly placeDep ROOT semver@6.3.1 OK for: @babel/core@7.29.0 want: ^6.3.1
351 silly fetch manifest js-tokens@^4.0.0
352 silly packumentCache full:https://registry.npmjs.org/js-tokens cache-miss
353 silly fetch manifest picocolors@^1.1.1
354 silly packumentCache full:https://registry.npmjs.org/picocolors cache-miss
355 silly fetch manifest @babel/helper-validator-identifier@^7.28.5
356 silly packumentCache full:https://registry.npmjs.org/@babel%2fhelper-validator-identifier cache-miss
357 silly fetch manifest jsesc@^3.0.2
358 silly packumentCache full:https://registry.npmjs.org/jsesc cache-miss
359 silly fetch manifest @jridgewell/gen-mapping@^0.3.12
360 silly packumentCache full:https://registry.npmjs.org/@jridgewell%2fgen-mapping cache-miss
361 silly fetch manifest @jridgewell/trace-mapping@^0.3.28
362 silly packumentCache full:https://registry.npmjs.org/@jridgewell%2ftrace-mapping cache-miss
363 silly fetch manifest lru-cache@^5.1.1
364 silly packumentCache full:https://registry.npmjs.org/lru-cache cache-miss
365 silly fetch manifest browserslist@^4.24.0
366 silly packumentCache full:https://registry.npmjs.org/browserslist cache-miss
367 silly fetch manifest @babel/compat-data@^7.28.6
368 silly packumentCache full:https://registry.npmjs.org/@babel%2fcompat-data cache-miss
369 silly fetch manifest @babel/helper-validator-option@^7.27.1
370 silly packumentCache full:https://registry.npmjs.org/@babel%2fhelper-validator-option cache-miss
371 silly fetch manifest @babel/traverse@^7.28.6
372 silly packumentCache full:https://registry.npmjs.org/@babel%2ftraverse cache-miss
373 silly fetch manifest @babel/helper-module-imports@^7.28.6
374 silly packumentCache full:https://registry.npmjs.org/@babel%2fhelper-module-imports cache-miss
375 silly fetch manifest @babel/helper-validator-identifier@^7.28.5
376 silly packumentCache full:https://registry.npmjs.org/@babel%2fhelper-validator-identifier cache-miss
377 silly fetch manifest @babel/types@^7.28.6
378 silly packumentCache full:https://registry.npmjs.org/@babel%2ftypes cache-miss
379 silly fetch manifest debug@^4.3.1
380 silly packumentCache full:https://registry.npmjs.org/debug cache-miss
381 http cache https://registry.npmjs.org/@babel%2ftypes 71ms (cache hit)
382 silly packumentCache full:https://registry.npmjs.org/@babel%2ftypes set size:487885 disposed:false
383 silly fetch manifest @babel/helper-globals@^7.28.0
384 silly packumentCache full:https://registry.npmjs.org/@babel%2fhelper-globals cache-miss
385 http cache https://registry.npmjs.org/debug 84ms (cache hit)
386 silly packumentCache full:https://registry.npmjs.org/debug set size:195840 disposed:false
387 silly fetch manifest @babel/helper-string-parser@^7.27.1
388 silly packumentCache full:https://registry.npmjs.org/@babel%2fhelper-string-parser cache-miss
389 http cache https://registry.npmjs.org/@babel%2ftraverse 166ms (cache hit)
390 silly packumentCache full:https://registry.npmjs.org/@babel%2ftraverse set size:548722 disposed:false
391 silly fetch manifest @babel/helper-validator-identifier@^7.28.5
392 silly packumentCache full:https://registry.npmjs.org/@babel%2fhelper-validator-identifier cache-miss
393 http fetch GET 200 https://registry.npmjs.org/picocolors 324ms (cache miss)
394 silly packumentCache full:https://registry.npmjs.org/picocolors set size:undefined disposed:false
395 silly fetch manifest @jridgewell/gen-mapping@^0.3.5
396 silly packumentCache full:https://registry.npmjs.org/@jridgewell%2fgen-mapping cache-miss
397 http fetch GET 200 https://registry.npmjs.org/jsesc 341ms (cache miss)
398 silly packumentCache full:https://registry.npmjs.org/jsesc set size:undefined disposed:false
399 silly fetch manifest @jridgewell/trace-mapping@^0.3.24
400 silly packumentCache full:https://registry.npmjs.org/@jridgewell%2ftrace-mapping cache-miss
401 http fetch GET 200 https://registry.npmjs.org/@babel%2fhelper-globals 264ms (cache miss)
402 silly packumentCache full:https://registry.npmjs.org/@babel%2fhelper-globals set size:undefined disposed:false
403 silly fetch manifest ms@^2.1.3
404 silly packumentCache full:https://registry.npmjs.org/ms cache-miss
405 http fetch GET 200 https://registry.npmjs.org/@jridgewell%2fgen-mapping 379ms (cache miss)
406 silly packumentCache full:https://registry.npmjs.org/@jridgewell%2fgen-mapping set size:undefined disposed:false
407 http fetch GET 200 https://registry.npmjs.org/@babel%2fhelper-validator-option 404ms (cache miss)
408 silly packumentCache full:https://registry.npmjs.org/@babel%2fhelper-validator-option set size:undefined disposed:false
409 http fetch GET 200 https://registry.npmjs.org/@babel%2fhelper-string-parser 337ms (cache miss)
410 silly packumentCache full:https://registry.npmjs.org/@babel%2fhelper-string-parser set size:undefined disposed:false
411 http fetch GET 200 https://registry.npmjs.org/@babel%2fhelper-validator-identifier 473ms (cache miss)
412 silly packumentCache full:https://registry.npmjs.org/@babel%2fhelper-validator-identifier set size:undefined disposed:false
413 http fetch GET 200 https://registry.npmjs.org/@babel%2fhelper-module-imports 485ms (cache miss)
414 silly packumentCache full:https://registry.npmjs.org/@babel%2fhelper-module-imports set size:undefined disposed:false
415 http fetch GET 200 https://registry.npmjs.org/@jridgewell%2ftrace-mapping 527ms (cache miss)
416 silly packumentCache full:https://registry.npmjs.org/@jridgewell%2ftrace-mapping set size:undefined disposed:false
417 http fetch GET 200 https://registry.npmjs.org/@babel%2fhelper-validator-identifier 408ms (cache miss)
418 silly packumentCache full:https://registry.npmjs.org/@babel%2fhelper-validator-identifier set size:undefined disposed:false
419 http fetch GET 200 https://registry.npmjs.org/@babel%2fhelper-validator-identifier 595ms (cache miss)
420 silly packumentCache full:https://registry.npmjs.org/@babel%2fhelper-validator-identifier set size:undefined disposed:false
421 http fetch GET 200 https://registry.npmjs.org/@babel%2fcompat-data 617ms (cache miss)
422 silly packumentCache full:https://registry.npmjs.org/@babel%2fcompat-data set size:undefined disposed:false
423 http fetch GET 200 https://registry.npmjs.org/@jridgewell%2fgen-mapping 349ms (cache miss)
424 silly packumentCache full:https://registry.npmjs.org/@jridgewell%2fgen-mapping set size:undefined disposed:false
425 http fetch GET 200 https://registry.npmjs.org/ms 350ms (cache miss)
426 silly packumentCache full:https://registry.npmjs.org/ms set size:undefined disposed:false
427 http fetch GET 200 https://registry.npmjs.org/lru-cache 747ms (cache miss)
428 silly packumentCache full:https://registry.npmjs.org/lru-cache set size:undefined disposed:false
429 http fetch GET 200 https://registry.npmjs.org/js-tokens 802ms (cache miss)
430 silly packumentCache full:https://registry.npmjs.org/js-tokens set size:undefined disposed:false
431 http fetch GET 200 https://registry.npmjs.org/@jridgewell%2ftrace-mapping 459ms (cache miss)
432 silly packumentCache full:https://registry.npmjs.org/@jridgewell%2ftrace-mapping set size:undefined disposed:false
433 http fetch GET 200 https://registry.npmjs.org/browserslist 838ms (cache miss)
434 silly packumentCache full:https://registry.npmjs.org/browserslist set size:undefined disposed:false
435 silly placeDep ROOT @babel/helper-validator-identifier@7.28.5 OK for: @babel/code-frame@7.29.0 want: ^7.28.5
436 silly placeDep ROOT js-tokens@4.0.0 OK for: @babel/code-frame@7.29.0 want: ^4.0.0
437 silly placeDep ROOT picocolors@1.1.1 OK for: @babel/code-frame@7.29.0 want: ^1.1.1
438 silly placeDep ROOT @jridgewell/gen-mapping@0.3.13 OK for: @babel/generator@7.29.1 want: ^0.3.12
439 silly placeDep ROOT @jridgewell/trace-mapping@0.3.31 OK for: @babel/generator@7.29.1 want: ^0.3.28
440 silly placeDep ROOT jsesc@3.1.0 OK for: @babel/generator@7.29.1 want: ^3.0.2
441 silly fetch manifest @jridgewell/sourcemap-codec@^1.5.0
442 silly packumentCache full:https://registry.npmjs.org/@jridgewell%2fsourcemap-codec cache-miss
443 silly fetch manifest @jridgewell/resolve-uri@^3.1.0
444 silly packumentCache full:https://registry.npmjs.org/@jridgewell%2fresolve-uri cache-miss
445 silly fetch manifest @jridgewell/sourcemap-codec@^1.4.14
446 silly packumentCache full:https://registry.npmjs.org/@jridgewell%2fsourcemap-codec cache-miss
447 http fetch GET 200 https://registry.npmjs.org/@jridgewell%2fsourcemap-codec 126ms (cache miss)
448 silly packumentCache full:https://registry.npmjs.org/@jridgewell%2fsourcemap-codec set size:undefined disposed:false
449 http fetch GET 200 https://registry.npmjs.org/@jridgewell%2fresolve-uri 130ms (cache miss)
450 silly packumentCache full:https://registry.npmjs.org/@jridgewell%2fresolve-uri set size:undefined disposed:false
451 http fetch GET 200 https://registry.npmjs.org/@jridgewell%2fsourcemap-codec 160ms (cache miss)
452 silly packumentCache full:https://registry.npmjs.org/@jridgewell%2fsourcemap-codec set size:undefined disposed:false
453 silly placeDep ROOT @babel/compat-data@7.29.0 OK for: @babel/helper-compilation-targets@7.28.6 want: ^7.28.6
454 silly placeDep ROOT @babel/helper-validator-option@7.27.1 OK for: @babel/helper-compilation-targets@7.28.6 want: ^7.27.1
455 silly placeDep ROOT browserslist@4.28.2 OK for: @babel/helper-compilation-targets@7.28.6 want: ^4.24.0
456 silly placeDep ROOT lru-cache@5.1.1 OK for: @babel/helper-compilation-targets@7.28.6 want: ^5.1.1
457 silly fetch manifest baseline-browser-mapping@^2.10.12
458 silly packumentCache full:https://registry.npmjs.org/baseline-browser-mapping cache-miss
459 silly fetch manifest caniuse-lite@^1.0.30001782
460 silly packumentCache full:https://registry.npmjs.org/caniuse-lite cache-miss
461 silly fetch manifest electron-to-chromium@^1.5.328
462 silly packumentCache full:https://registry.npmjs.org/electron-to-chromium cache-miss
463 silly fetch manifest node-releases@^2.0.36
464 silly packumentCache full:https://registry.npmjs.org/node-releases cache-miss
465 silly fetch manifest update-browserslist-db@^1.2.3
466 silly packumentCache full:https://registry.npmjs.org/update-browserslist-db cache-miss
467 silly fetch manifest yallist@^3.0.2
468 silly packumentCache full:https://registry.npmjs.org/yallist cache-miss
469 http fetch GET 200 https://registry.npmjs.org/update-browserslist-db 129ms (cache miss)
470 silly packumentCache full:https://registry.npmjs.org/update-browserslist-db set size:undefined disposed:false
471 http fetch GET 200 https://registry.npmjs.org/yallist 145ms (cache miss)
472 silly packumentCache full:https://registry.npmjs.org/yallist set size:undefined disposed:false
473 http fetch GET 200 https://registry.npmjs.org/node-releases 175ms (cache miss)
474 silly packumentCache full:https://registry.npmjs.org/node-releases set size:undefined disposed:false
475 http fetch GET 200 https://registry.npmjs.org/baseline-browser-mapping 215ms (cache miss)
476 silly packumentCache full:https://registry.npmjs.org/baseline-browser-mapping set size:undefined disposed:false
477 http fetch GET 200 https://registry.npmjs.org/electron-to-chromium 402ms (cache miss)
478 silly packumentCache full:https://registry.npmjs.org/electron-to-chromium set size:undefined disposed:false
479 http fetch GET 200 https://registry.npmjs.org/caniuse-lite 605ms (cache miss)
480 silly packumentCache full:https://registry.npmjs.org/caniuse-lite set size:undefined disposed:false
481 silly placeDep ROOT @babel/helper-module-imports@7.28.6 OK for: @babel/helper-module-transforms@7.28.6 want: ^7.28.6
482 silly placeDep ROOT @babel/helper-plugin-utils@7.28.6 OK for: @babel/plugin-transform-react-jsx-self@7.27.1 want: ^7.27.1
483 silly placeDep ROOT @babel/helper-globals@7.28.0 OK for: @babel/traverse@7.29.0 want: ^7.28.0
484 silly placeDep ROOT @babel/helper-string-parser@7.27.1 OK for: @babel/types@7.29.0 want: ^7.27.1
485 silly placeDep ROOT @jridgewell/sourcemap-codec@1.5.5 OK for: @jridgewell/gen-mapping@0.3.13 want: ^1.5.0
486 silly placeDep ROOT @jridgewell/resolve-uri@3.1.2 OK for: @jridgewell/trace-mapping@0.3.31 want: ^3.1.0
487 silly placeDep ROOT @types/babel__generator@7.27.0 OK for: @types/babel__core@7.20.5 want: *
488 silly placeDep ROOT @types/babel__template@7.4.4 OK for: @types/babel__core@7.20.5 want: *
489 silly placeDep ROOT @types/babel__traverse@7.28.0 OK for: @types/babel__core@7.20.5 want: *
490 silly placeDep ROOT follow-redirects@1.15.11 OK for: axios@1.14.0 want: ^1.15.11
491 silly placeDep ROOT form-data@4.0.5 OK for: axios@1.14.0 want: ^4.0.5
492 silly placeDep ROOT proxy-from-env@2.1.0 OK for: axios@1.14.0 want: ^2.1.0
493 silly fetch manifest asynckit@^0.4.0
494 silly packumentCache full:https://registry.npmjs.org/asynckit cache-miss
495 silly fetch manifest combined-stream@^1.0.8
496 silly packumentCache full:https://registry.npmjs.org/combined-stream cache-miss
497 silly fetch manifest es-set-tostringtag@^2.1.0
498 silly packumentCache full:https://registry.npmjs.org/es-set-tostringtag cache-miss
499 silly fetch manifest hasown@^2.0.2
500 silly packumentCache full:https://registry.npmjs.org/hasown cache-miss
501 silly fetch manifest mime-types@^2.1.12
502 silly packumentCache full:https://registry.npmjs.org/mime-types cache-miss
503 http fetch GET 200 https://registry.npmjs.org/combined-stream 205ms (cache miss)
504 silly packumentCache full:https://registry.npmjs.org/combined-stream set size:undefined disposed:false
505 http fetch GET 200 https://registry.npmjs.org/hasown 296ms (cache miss)
506 silly packumentCache full:https://registry.npmjs.org/hasown set size:undefined disposed:false
507 http fetch GET 200 https://registry.npmjs.org/es-set-tostringtag 314ms (cache miss)
508 silly packumentCache full:https://registry.npmjs.org/es-set-tostringtag set size:undefined disposed:false
509 http fetch GET 200 https://registry.npmjs.org/asynckit 358ms (cache miss)
510 silly packumentCache full:https://registry.npmjs.org/asynckit set size:undefined disposed:false
511 http fetch GET 200 https://registry.npmjs.org/mime-types 396ms (cache miss)
512 silly packumentCache full:https://registry.npmjs.org/mime-types set size:undefined disposed:false
513 silly fetch manifest browserslist@>= 4.21.0
514 silly packumentCache full:https://registry.npmjs.org/browserslist cache-miss
515 http cache https://registry.npmjs.org/browserslist 35ms (cache hit)
516 silly packumentCache full:https://registry.npmjs.org/browserslist set size:504681 disposed:false
517 silly placeDep ROOT baseline-browser-mapping@2.10.14 OK for: browserslist@4.28.2 want: ^2.10.12
518 silly placeDep ROOT caniuse-lite@1.0.30001785 OK for: browserslist@4.28.2 want: ^1.0.30001782
519 silly placeDep ROOT electron-to-chromium@1.5.331 OK for: browserslist@4.28.2 want: ^1.5.328
520 silly placeDep ROOT node-releases@2.0.37 OK for: browserslist@4.28.2 want: ^2.0.36
521 silly placeDep ROOT update-browserslist-db@1.2.3 OK for: browserslist@4.28.2 want: ^1.2.3
522 silly fetch manifest escalade@^3.2.0
523 silly packumentCache full:https://registry.npmjs.org/escalade cache-miss
524 http fetch GET 200 https://registry.npmjs.org/escalade 81ms (cache miss)
525 silly packumentCache full:https://registry.npmjs.org/escalade set size:undefined disposed:false
526 silly placeDep ROOT ms@2.1.3 OK for: debug@4.4.3 want: ^2.1.3
527 silly placeDep ROOT asynckit@0.4.0 OK for: form-data@4.0.5 want: ^0.4.0
528 silly placeDep ROOT combined-stream@1.0.8 OK for: form-data@4.0.5 want: ^1.0.8
529 silly placeDep ROOT es-set-tostringtag@2.1.0 OK for: form-data@4.0.5 want: ^2.1.0
530 silly placeDep ROOT hasown@2.0.2 OK for: form-data@4.0.5 want: ^2.0.2
531 silly placeDep ROOT mime-types@2.1.35 OK for: form-data@4.0.5 want: ^2.1.12
532 silly fetch manifest delayed-stream@~1.0.0
533 silly packumentCache full:https://registry.npmjs.org/delayed-stream cache-miss
534 silly fetch manifest es-errors@^1.3.0
535 silly packumentCache full:https://registry.npmjs.org/es-errors cache-miss
536 silly fetch manifest get-intrinsic@^1.2.6
537 silly packumentCache full:https://registry.npmjs.org/get-intrinsic cache-miss
538 silly fetch manifest has-tostringtag@^1.0.2
539 silly packumentCache full:https://registry.npmjs.org/has-tostringtag cache-miss
540 silly fetch manifest function-bind@^1.1.2
541 silly packumentCache full:https://registry.npmjs.org/function-bind cache-miss
542 silly fetch manifest mime-db@1.52.0
543 silly packumentCache full:https://registry.npmjs.org/mime-db cache-miss
544 http fetch GET 200 https://registry.npmjs.org/delayed-stream 157ms (cache miss)
545 silly packumentCache full:https://registry.npmjs.org/delayed-stream set size:undefined disposed:false
546 http fetch GET 200 https://registry.npmjs.org/has-tostringtag 161ms (cache miss)
547 silly packumentCache full:https://registry.npmjs.org/has-tostringtag set size:undefined disposed:false
548 http fetch GET 200 https://registry.npmjs.org/get-intrinsic 171ms (cache miss)
549 silly packumentCache full:https://registry.npmjs.org/get-intrinsic set size:undefined disposed:false
550 http fetch GET 200 https://registry.npmjs.org/function-bind 181ms (cache miss)
551 silly packumentCache full:https://registry.npmjs.org/function-bind set size:undefined disposed:false
552 http fetch GET 200 https://registry.npmjs.org/es-errors 192ms (cache miss)
553 silly packumentCache full:https://registry.npmjs.org/es-errors set size:undefined disposed:false
554 http fetch GET 200 https://registry.npmjs.org/mime-db 197ms (cache miss)
555 silly packumentCache full:https://registry.npmjs.org/mime-db set size:undefined disposed:false
556 silly placeDep ROOT delayed-stream@1.0.0 OK for: combined-stream@1.0.8 want: ~1.0.0
557 silly placeDep ROOT es-errors@1.3.0 OK for: es-set-tostringtag@2.1.0 want: ^1.3.0
558 silly placeDep ROOT get-intrinsic@1.3.0 OK for: es-set-tostringtag@2.1.0 want: ^1.2.6
559 silly placeDep ROOT has-tostringtag@1.0.2 OK for: es-set-tostringtag@2.1.0 want: ^1.0.2
560 silly fetch manifest gopd@^1.2.0
561 silly packumentCache full:https://registry.npmjs.org/gopd cache-miss
562 silly fetch manifest get-proto@^1.0.1
563 silly packumentCache full:https://registry.npmjs.org/get-proto cache-miss
564 silly fetch manifest has-symbols@^1.1.0
565 silly packumentCache full:https://registry.npmjs.org/has-symbols cache-miss
566 silly fetch manifest es-object-atoms@^1.1.1
567 silly packumentCache full:https://registry.npmjs.org/es-object-atoms cache-miss
568 silly fetch manifest math-intrinsics@^1.1.0
569 silly packumentCache full:https://registry.npmjs.org/math-intrinsics cache-miss
570 silly fetch manifest es-define-property@^1.0.1
571 silly packumentCache full:https://registry.npmjs.org/es-define-property cache-miss
572 silly fetch manifest call-bind-apply-helpers@^1.0.2
573 silly packumentCache full:https://registry.npmjs.org/call-bind-apply-helpers cache-miss
574 silly fetch manifest has-symbols@^1.0.3
575 silly packumentCache full:https://registry.npmjs.org/has-symbols cache-miss
576 http fetch GET 200 https://registry.npmjs.org/gopd 142ms (cache miss)
577 silly packumentCache full:https://registry.npmjs.org/gopd set size:undefined disposed:false
578 http fetch GET 200 https://registry.npmjs.org/has-symbols 153ms (cache miss)
579 silly packumentCache full:https://registry.npmjs.org/has-symbols set size:undefined disposed:false
580 http fetch GET 200 https://registry.npmjs.org/es-object-atoms 155ms (cache miss)
581 silly packumentCache full:https://registry.npmjs.org/es-object-atoms set size:undefined disposed:false
582 http fetch GET 200 https://registry.npmjs.org/call-bind-apply-helpers 152ms (cache miss)
583 silly packumentCache full:https://registry.npmjs.org/call-bind-apply-helpers set size:undefined disposed:false
584 http fetch GET 200 https://registry.npmjs.org/math-intrinsics 156ms (cache miss)
585 silly packumentCache full:https://registry.npmjs.org/math-intrinsics set size:undefined disposed:false
586 http fetch GET 200 https://registry.npmjs.org/get-proto 163ms (cache miss)
587 silly packumentCache full:https://registry.npmjs.org/get-proto set size:undefined disposed:false
588 http fetch GET 200 https://registry.npmjs.org/es-define-property 155ms (cache miss)
589 silly packumentCache full:https://registry.npmjs.org/es-define-property set size:undefined disposed:false
590 http fetch GET 200 https://registry.npmjs.org/has-symbols 153ms (cache miss)
591 silly packumentCache full:https://registry.npmjs.org/has-symbols set size:undefined disposed:false
592 silly placeDep ROOT motion-dom@11.18.1 OK for: framer-motion@11.18.2 want: ^11.18.1
593 silly placeDep ROOT motion-utils@11.18.1 OK for: framer-motion@11.18.2 want: ^11.18.1
594 silly placeDep ROOT tslib@2.8.1 OK for: framer-motion@11.18.2 want: ^2.4.0
595 silly placeDep ROOT call-bind-apply-helpers@1.0.2 OK for: get-intrinsic@1.3.0 want: ^1.0.2
596 silly placeDep ROOT es-define-property@1.0.1 OK for: get-intrinsic@1.3.0 want: ^1.0.1
597 silly placeDep ROOT es-object-atoms@1.1.1 OK for: get-intrinsic@1.3.0 want: ^1.1.1
598 silly placeDep ROOT function-bind@1.1.2 OK for: get-intrinsic@1.3.0 want: ^1.1.2
599 silly placeDep ROOT get-proto@1.0.1 OK for: get-intrinsic@1.3.0 want: ^1.0.1
600 silly placeDep ROOT gopd@1.2.0 OK for: get-intrinsic@1.3.0 want: ^1.2.0
601 silly placeDep ROOT has-symbols@1.1.0 OK for: get-intrinsic@1.3.0 want: ^1.1.0
602 silly placeDep ROOT math-intrinsics@1.1.0 OK for: get-intrinsic@1.3.0 want: ^1.1.0
603 silly fetch manifest dunder-proto@^1.0.1
604 silly packumentCache full:https://registry.npmjs.org/dunder-proto cache-miss
605 http fetch GET 200 https://registry.npmjs.org/dunder-proto 58ms (cache miss)
606 silly packumentCache full:https://registry.npmjs.org/dunder-proto set size:undefined disposed:false
607 silly placeDep ROOT dunder-proto@1.0.1 OK for: get-proto@1.0.1 want: ^1.0.1
608 silly placeDep ROOT yallist@3.1.1 OK for: lru-cache@5.1.1 want: ^3.0.2
609 silly placeDep ROOT mime-db@1.52.0 OK for: mime-types@2.1.35 want: 1.52.0
610 silly placeDep ROOT loose-envify@1.4.0 OK for: react@18.3.1 want: ^1.1.0
611 silly placeDep ROOT scheduler@0.23.2 OK for: react-dom@18.3.1 want: ^0.23.2
612 silly fetch manifest react@>=16.8
613 silly packumentCache full:https://registry.npmjs.org/react cache-miss
614 http cache https://registry.npmjs.org/react 29ms (cache hit)
615 silly packumentCache full:https://registry.npmjs.org/react set size:6585005 disposed:false
616 silly placeDep ROOT @remix-run/router@1.23.2 OK for: react-router-dom@6.30.3 want: 1.23.2
617 silly placeDep ROOT react-router@6.30.3 OK for: react-router-dom@6.30.3 want: 6.30.3
618 silly fetch manifest react@^16.0.0 || ^17.0.0 || ^18.0.0 || ^19.0.0
619 silly packumentCache full:https://registry.npmjs.org/react cache-miss
620 http cache https://registry.npmjs.org/react 30ms (cache hit)
621 silly packumentCache full:https://registry.npmjs.org/react set size:6585005 disposed:false
622 silly fetch manifest react-dom@^16.0.0 || ^17.0.0 || ^18.0.0 || ^19.0.0
623 silly packumentCache full:https://registry.npmjs.org/react-dom cache-miss
624 http cache https://registry.npmjs.org/react-dom 29ms (cache hit)
625 silly packumentCache full:https://registry.npmjs.org/react-dom set size:8756153 disposed:false
626 silly placeDep ROOT clsx@2.1.1 OK for: recharts@2.15.4 want: ^2.0.0
627 silly placeDep ROOT eventemitter3@4.0.7 OK for: recharts@2.15.4 want: ^4.0.1
628 silly placeDep ROOT lodash@4.18.1 OK for: recharts@2.15.4 want: ^4.17.21
629 silly placeDep ROOT react-is@18.3.1 OK for: recharts@2.15.4 want: ^18.3.1
630 silly placeDep ROOT react-smooth@4.0.4 OK for: recharts@2.15.4 want: ^4.0.4
631 silly placeDep ROOT recharts-scale@0.4.5 OK for: recharts@2.15.4 want: ^0.4.4
632 silly placeDep ROOT tiny-invariant@1.3.3 OK for: recharts@2.15.4 want: ^1.3.1
633 silly placeDep ROOT victory-vendor@36.9.2 OK for: recharts@2.15.4 want: ^36.6.8
634 silly fetch manifest fast-equals@^5.0.1
635 silly packumentCache full:https://registry.npmjs.org/fast-equals cache-miss
636 silly fetch manifest prop-types@^15.8.1
637 silly packumentCache full:https://registry.npmjs.org/prop-types cache-miss
638 silly fetch manifest react-transition-group@^4.4.5
639 silly packumentCache full:https://registry.npmjs.org/react-transition-group cache-miss
640 silly fetch manifest decimal.js-light@^2.4.1
641 silly packumentCache full:https://registry.npmjs.org/decimal.js-light cache-miss
642 silly fetch manifest d3-ease@^3.0.1
643 silly packumentCache full:https://registry.npmjs.org/d3-ease cache-miss
644 silly fetch manifest d3-time@^3.0.0
645 silly packumentCache full:https://registry.npmjs.org/d3-time cache-miss
646 silly fetch manifest d3-array@^3.1.6
647 silly packumentCache full:https://registry.npmjs.org/d3-array cache-miss
648 silly fetch manifest d3-scale@^4.0.2
649 silly packumentCache full:https://registry.npmjs.org/d3-scale cache-miss
650 silly fetch manifest d3-shape@^3.1.0
651 silly packumentCache full:https://registry.npmjs.org/d3-shape cache-miss
652 silly fetch manifest d3-timer@^3.0.1
653 silly packumentCache full:https://registry.npmjs.org/d3-timer cache-miss
654 silly fetch manifest @types/d3-ease@^3.0.0
655 silly packumentCache full:https://registry.npmjs.org/@types%2fd3-ease cache-miss
656 silly fetch manifest @types/d3-time@^3.0.0
657 silly packumentCache full:https://registry.npmjs.org/@types%2fd3-time cache-miss
658 silly fetch manifest d3-interpolate@^3.0.1
659 silly packumentCache full:https://registry.npmjs.org/d3-interpolate cache-miss
660 silly fetch manifest @types/d3-array@^3.0.3
661 silly packumentCache full:https://registry.npmjs.org/@types%2fd3-array cache-miss
662 silly fetch manifest @types/d3-scale@^4.0.2
663 silly packumentCache full:https://registry.npmjs.org/@types%2fd3-scale cache-miss
664 http fetch GET 200 https://registry.npmjs.org/prop-types 64ms (cache miss)
665 silly packumentCache full:https://registry.npmjs.org/prop-types set size:undefined disposed:false
666 silly fetch manifest @types/d3-shape@^3.1.0
667 silly packumentCache full:https://registry.npmjs.org/@types%2fd3-shape cache-miss
668 http fetch GET 200 https://registry.npmjs.org/react-transition-group 112ms (cache miss)
669 silly packumentCache full:https://registry.npmjs.org/react-transition-group set size:undefined disposed:false
670 silly fetch manifest @types/d3-timer@^3.0.0
671 silly packumentCache full:https://registry.npmjs.org/@types%2fd3-timer cache-miss
672 http fetch GET 200 https://registry.npmjs.org/@types%2fd3-time 128ms (cache miss)
673 silly packumentCache full:https://registry.npmjs.org/@types%2fd3-time set size:undefined disposed:false
674 silly fetch manifest @types/d3-interpolate@^3.0.1
675 silly packumentCache full:https://registry.npmjs.org/@types%2fd3-interpolate cache-miss
676 http fetch GET 200 https://registry.npmjs.org/d3-timer 132ms (cache miss)
677 silly packumentCache full:https://registry.npmjs.org/d3-timer set size:undefined disposed:false
678 http fetch GET 200 https://registry.npmjs.org/@types%2fd3-array 135ms (cache miss)
679 silly packumentCache full:https://registry.npmjs.org/@types%2fd3-array set size:undefined disposed:false
680 http fetch GET 200 https://registry.npmjs.org/d3-interpolate 139ms (cache miss)
681 silly packumentCache full:https://registry.npmjs.org/d3-interpolate set size:undefined disposed:false
682 http fetch GET 200 https://registry.npmjs.org/d3-shape 146ms (cache miss)
683 silly packumentCache full:https://registry.npmjs.org/d3-shape set size:undefined disposed:false
684 http fetch GET 200 https://registry.npmjs.org/@types%2fd3-scale 151ms (cache miss)
685 silly packumentCache full:https://registry.npmjs.org/@types%2fd3-scale set size:undefined disposed:false
686 http fetch GET 200 https://registry.npmjs.org/@types%2fd3-shape 90ms (cache miss)
687 silly packumentCache full:https://registry.npmjs.org/@types%2fd3-shape set size:undefined disposed:false
688 http fetch GET 200 https://registry.npmjs.org/d3-scale 161ms (cache miss)
689 silly packumentCache full:https://registry.npmjs.org/d3-scale set size:undefined disposed:false
690 http fetch GET 200 https://registry.npmjs.org/@types%2fd3-interpolate 67ms (cache miss)
691 silly packumentCache full:https://registry.npmjs.org/@types%2fd3-interpolate set size:undefined disposed:false
692 http fetch GET 200 https://registry.npmjs.org/decimal.js-light 358ms (cache miss)
693 silly packumentCache full:https://registry.npmjs.org/decimal.js-light set size:undefined disposed:false
694 http fetch GET 200 https://registry.npmjs.org/d3-ease 365ms (cache miss)
695 silly packumentCache full:https://registry.npmjs.org/d3-ease set size:undefined disposed:false
696 http fetch GET 200 https://registry.npmjs.org/fast-equals 374ms (cache miss)
697 silly packumentCache full:https://registry.npmjs.org/fast-equals set size:undefined disposed:false
698 http fetch GET 200 https://registry.npmjs.org/@types%2fd3-ease 388ms (cache miss)
699 silly packumentCache full:https://registry.npmjs.org/@types%2fd3-ease set size:undefined disposed:false
700 http fetch GET 200 https://registry.npmjs.org/d3-array 394ms (cache miss)
701 silly packumentCache full:https://registry.npmjs.org/d3-array set size:undefined disposed:false
702 http fetch GET 200 https://registry.npmjs.org/d3-time 404ms (cache miss)
703 silly packumentCache full:https://registry.npmjs.org/d3-time set size:undefined disposed:false
704 http fetch GET 200 https://registry.npmjs.org/@types%2fd3-timer 1617ms (cache miss)
705 silly packumentCache full:https://registry.npmjs.org/@types%2fd3-timer set size:undefined disposed:false
706 silly fetch manifest react@^16.8.0 || ^17.0.0 || ^18.0.0 || ^19.0.0
707 silly packumentCache full:https://registry.npmjs.org/react cache-miss
708 http cache https://registry.npmjs.org/react 61ms (cache hit)
709 silly packumentCache full:https://registry.npmjs.org/react set size:6585005 disposed:false
710 silly fetch manifest react-dom@^16.8.0 || ^17.0.0 || ^18.0.0 || ^19.0.0
711 silly packumentCache full:https://registry.npmjs.org/react-dom cache-miss
712 http cache https://registry.npmjs.org/react-dom 78ms (cache hit)
713 silly packumentCache full:https://registry.npmjs.org/react-dom set size:8756153 disposed:false
714 silly placeDep ROOT fast-equals@5.4.0 OK for: react-smooth@4.0.4 want: ^5.0.1
715 silly placeDep ROOT prop-types@15.8.1 OK for: react-smooth@4.0.4 want: ^15.8.1
716 silly placeDep ROOT react-transition-group@4.4.5 OK for: react-smooth@4.0.4 want: ^4.4.5
717 silly fetch manifest object-assign@^4.1.1
718 silly packumentCache full:https://registry.npmjs.org/object-assign cache-miss
719 silly fetch manifest react-is@^16.13.1
720 silly packumentCache full:https://registry.npmjs.org/react-is cache-miss
721 silly fetch manifest @babel/runtime@^7.5.5
722 silly packumentCache full:https://registry.npmjs.org/@babel%2fruntime cache-miss
723 silly fetch manifest dom-helpers@^5.0.1
724 silly packumentCache full:https://registry.npmjs.org/dom-helpers cache-miss
725 http cache https://registry.npmjs.org/react-is 62ms (cache hit)
726 silly packumentCache full:https://registry.npmjs.org/react-is set size:5329924 disposed:false
727 http fetch GET 200 https://registry.npmjs.org/object-assign 235ms (cache miss)
728 silly packumentCache full:https://registry.npmjs.org/object-assign set size:undefined disposed:false
729 http fetch GET 200 https://registry.npmjs.org/dom-helpers 240ms (cache miss)
730 silly packumentCache full:https://registry.npmjs.org/dom-helpers set size:undefined disposed:false
731 http fetch GET 200 https://registry.npmjs.org/@babel%2fruntime 350ms (cache miss)
732 silly packumentCache full:https://registry.npmjs.org/@babel%2fruntime set size:undefined disposed:false
733 silly placeDep ROOT object-assign@4.1.1 OK for: prop-types@15.8.1 want: ^4.1.1
734 silly placeDep node_modules/prop-types react-is@16.13.1 OK for: prop-types@15.8.1 want: ^16.13.1
735 silly placeDep ROOT @babel/runtime@7.29.2 OK for: react-transition-group@4.4.5 want: ^7.5.5
736 silly placeDep ROOT dom-helpers@5.2.1 OK for: react-transition-group@4.4.5 want: ^5.0.1
737 silly placeDep ROOT decimal.js-light@2.5.1 OK for: recharts-scale@0.4.5 want: ^2.4.1
738 silly placeDep ROOT escalade@3.2.0 OK for: update-browserslist-db@1.2.3 want: ^3.2.0
739 silly placeDep ROOT @types/d3-array@3.2.2 OK for: victory-vendor@36.9.2 want: ^3.0.3
740 silly placeDep ROOT @types/d3-ease@3.0.2 OK for: victory-vendor@36.9.2 want: ^3.0.0
741 silly placeDep ROOT @types/d3-interpolate@3.0.4 OK for: victory-vendor@36.9.2 want: ^3.0.1
742 silly placeDep ROOT @types/d3-scale@4.0.9 OK for: victory-vendor@36.9.2 want: ^4.0.2
743 silly placeDep ROOT @types/d3-shape@3.1.8 OK for: victory-vendor@36.9.2 want: ^3.1.0
744 silly placeDep ROOT @types/d3-time@3.0.4 OK for: victory-vendor@36.9.2 want: ^3.0.0
745 silly placeDep ROOT @types/d3-timer@3.0.2 OK for: victory-vendor@36.9.2 want: ^3.0.0
746 silly placeDep ROOT d3-array@3.2.4 OK for: victory-vendor@36.9.2 want: ^3.1.6
747 silly placeDep ROOT d3-ease@3.0.1 OK for: victory-vendor@36.9.2 want: ^3.0.1
748 silly placeDep ROOT d3-interpolate@3.0.1 OK for: victory-vendor@36.9.2 want: ^3.0.1
749 silly placeDep ROOT d3-scale@4.0.2 OK for: victory-vendor@36.9.2 want: ^4.0.2
750 silly placeDep ROOT d3-shape@3.2.0 OK for: victory-vendor@36.9.2 want: ^3.1.0
751 silly placeDep ROOT d3-time@3.1.0 OK for: victory-vendor@36.9.2 want: ^3.0.0
752 silly placeDep ROOT d3-timer@3.0.1 OK for: victory-vendor@36.9.2 want: ^3.0.1
753 silly fetch manifest @types/d3-color@*
754 silly packumentCache full:https://registry.npmjs.org/@types%2fd3-color cache-miss
755 silly fetch manifest @types/d3-time@*
756 silly packumentCache full:https://registry.npmjs.org/@types%2fd3-time cache-miss
757 silly fetch manifest @types/d3-path@*
758 silly packumentCache full:https://registry.npmjs.org/@types%2fd3-path cache-miss
759 silly fetch manifest internmap@1 - 2
760 silly packumentCache full:https://registry.npmjs.org/internmap cache-miss
761 silly fetch manifest d3-color@1 - 3
762 silly packumentCache full:https://registry.npmjs.org/d3-color cache-miss
763 silly fetch manifest d3-format@1 - 3
764 silly packumentCache full:https://registry.npmjs.org/d3-format cache-miss
765 silly fetch manifest d3-time@2.1.1 - 3
766 silly packumentCache full:https://registry.npmjs.org/d3-time cache-miss
767 silly fetch manifest d3-time-format@2 - 4
768 silly packumentCache full:https://registry.npmjs.org/d3-time-format cache-miss
769 silly fetch manifest d3-path@^3.1.0
770 silly packumentCache full:https://registry.npmjs.org/d3-path cache-miss
771 http cache https://registry.npmjs.org/@types%2fd3-time 46ms (cache hit)
772 silly packumentCache full:https://registry.npmjs.org/@types%2fd3-time set size:52652 disposed:false
773 http cache https://registry.npmjs.org/d3-time 46ms (cache hit)
774 silly packumentCache full:https://registry.npmjs.org/d3-time set size:150406 disposed:false
775 http fetch GET 200 https://registry.npmjs.org/internmap 93ms (cache miss)
776 silly packumentCache full:https://registry.npmjs.org/internmap set size:undefined disposed:false
777 http fetch GET 200 https://registry.npmjs.org/d3-color 114ms (cache miss)
778 silly packumentCache full:https://registry.npmjs.org/d3-color set size:undefined disposed:false
779 http fetch GET 200 https://registry.npmjs.org/@types%2fd3-path 124ms (cache miss)
780 silly packumentCache full:https://registry.npmjs.org/@types%2fd3-path set size:undefined disposed:false
781 http fetch GET 200 https://registry.npmjs.org/d3-time-format 124ms (cache miss)
782 silly packumentCache full:https://registry.npmjs.org/d3-time-format set size:undefined disposed:false
783 http fetch GET 200 https://registry.npmjs.org/d3-path 385ms (cache miss)
784 silly packumentCache full:https://registry.npmjs.org/d3-path set size:undefined disposed:false
785 http fetch GET 200 https://registry.npmjs.org/d3-format 395ms (cache miss)
786 silly packumentCache full:https://registry.npmjs.org/d3-format set size:undefined disposed:false
787 http fetch GET 200 https://registry.npmjs.org/@types%2fd3-color 663ms (cache miss)
788 silly packumentCache full:https://registry.npmjs.org/@types%2fd3-color set size:undefined disposed:false
789 silly placeDep ROOT @types/d3-color@3.1.3 OK for: @types/d3-interpolate@3.0.4 want: *
790 silly placeDep ROOT @types/d3-path@3.1.1 OK for: @types/d3-shape@3.1.8 want: *
791 silly placeDep ROOT internmap@2.0.3 OK for: d3-array@3.2.4 want: 1 - 2
792 silly placeDep ROOT d3-color@3.1.0 OK for: d3-interpolate@3.0.1 want: 1 - 3
793 silly placeDep ROOT d3-format@3.1.2 OK for: d3-scale@4.0.2 want: 1 - 3
794 silly placeDep ROOT d3-time-format@4.1.0 OK for: d3-scale@4.0.2 want: 2 - 4
795 silly placeDep ROOT d3-path@3.1.0 OK for: d3-shape@3.2.0 want: ^3.1.0
796 silly placeDep ROOT esbuild@0.21.5 OK for: vite@5.4.21 want: ^0.21.3
797 silly placeDep ROOT fsevents@2.3.3 OK for: vite@5.4.21 want: ~2.3.3
798 silly placeDep ROOT postcss@8.5.8 OK for: vite@5.4.21 want: ^8.4.43
799 silly placeDep ROOT rollup@4.60.1 OK for: vite@5.4.21 want: ^4.20.0
800 silly fetch manifest @esbuild/aix-ppc64@0.21.5
801 silly packumentCache full:https://registry.npmjs.org/@esbuild%2faix-ppc64 cache-miss
802 silly fetch manifest @esbuild/linux-arm@0.21.5
803 silly packumentCache full:https://registry.npmjs.org/@esbuild%2flinux-arm cache-miss
804 silly fetch manifest @esbuild/linux-x64@0.21.5
805 silly packumentCache full:https://registry.npmjs.org/@esbuild%2flinux-x64 cache-miss
806 silly fetch manifest @esbuild/sunos-x64@0.21.5
807 silly packumentCache full:https://registry.npmjs.org/@esbuild%2fsunos-x64 cache-miss
808 silly fetch manifest @esbuild/win32-x64@0.21.5
809 silly packumentCache full:https://registry.npmjs.org/@esbuild%2fwin32-x64 cache-miss
810 silly fetch manifest @esbuild/darwin-x64@0.21.5
811 silly packumentCache full:https://registry.npmjs.org/@esbuild%2fdarwin-x64 cache-miss
812 silly fetch manifest @esbuild/linux-ia32@0.21.5
813 silly packumentCache full:https://registry.npmjs.org/@esbuild%2flinux-ia32 cache-miss
814 silly fetch manifest @esbuild/netbsd-x64@0.21.5
815 silly packumentCache full:https://registry.npmjs.org/@esbuild%2fnetbsd-x64 cache-miss
816 silly fetch manifest @esbuild/win32-ia32@0.21.5
817 silly packumentCache full:https://registry.npmjs.org/@esbuild%2fwin32-ia32 cache-miss
818 silly fetch manifest @esbuild/android-arm@0.21.5
819 silly packumentCache full:https://registry.npmjs.org/@esbuild%2fandroid-arm cache-miss
820 silly fetch manifest @esbuild/android-x64@0.21.5
821 silly packumentCache full:https://registry.npmjs.org/@esbuild%2fandroid-x64 cache-miss
822 silly fetch manifest @esbuild/freebsd-x64@0.21.5
823 silly packumentCache full:https://registry.npmjs.org/@esbuild%2ffreebsd-x64 cache-miss
824 silly fetch manifest @esbuild/linux-arm64@0.21.5
825 silly packumentCache full:https://registry.npmjs.org/@esbuild%2flinux-arm64 cache-miss
826 silly fetch manifest @esbuild/linux-ppc64@0.21.5
827 silly packumentCache full:https://registry.npmjs.org/@esbuild%2flinux-ppc64 cache-miss
828 silly fetch manifest @esbuild/linux-s390x@0.21.5
829 silly packumentCache full:https://registry.npmjs.org/@esbuild%2flinux-s390x cache-miss
830 http fetch GET 200 https://registry.npmjs.org/@esbuild%2fsunos-x64 238ms (cache miss)
831 silly packumentCache full:https://registry.npmjs.org/@esbuild%2fsunos-x64 set size:undefined disposed:false
832 silly fetch manifest @esbuild/openbsd-x64@0.21.5
833 silly packumentCache full:https://registry.npmjs.org/@esbuild%2fopenbsd-x64 cache-miss
834 http fetch GET 200 https://registry.npmjs.org/@esbuild%2flinux-x64 262ms (cache miss)
835 silly packumentCache full:https://registry.npmjs.org/@esbuild%2flinux-x64 set size:undefined disposed:false
836 silly fetch manifest @esbuild/win32-arm64@0.21.5
837 silly packumentCache full:https://registry.npmjs.org/@esbuild%2fwin32-arm64 cache-miss
838 http fetch GET 200 https://registry.npmjs.org/@esbuild%2flinux-arm 274ms (cache miss)
839 silly packumentCache full:https://registry.npmjs.org/@esbuild%2flinux-arm set size:undefined disposed:false
840 silly fetch manifest @esbuild/darwin-arm64@0.21.5
841 silly packumentCache full:https://registry.npmjs.org/@esbuild%2fdarwin-arm64 cache-miss
842 http fetch GET 200 https://registry.npmjs.org/@esbuild%2flinux-ia32 284ms (cache miss)
843 silly packumentCache full:https://registry.npmjs.org/@esbuild%2flinux-ia32 set size:undefined disposed:false
844 silly fetch manifest @esbuild/android-arm64@0.21.5
845 silly packumentCache full:https://registry.npmjs.org/@esbuild%2fandroid-arm64 cache-miss
846 http fetch GET 200 https://registry.npmjs.org/@esbuild%2fdarwin-x64 319ms (cache miss)
847 silly packumentCache full:https://registry.npmjs.org/@esbuild%2fdarwin-x64 set size:undefined disposed:false
848 silly fetch manifest @esbuild/freebsd-arm64@0.21.5
849 silly packumentCache full:https://registry.npmjs.org/@esbuild%2ffreebsd-arm64 cache-miss
850 http fetch GET 200 https://registry.npmjs.org/@esbuild%2fandroid-x64 326ms (cache miss)
851 silly packumentCache full:https://registry.npmjs.org/@esbuild%2fandroid-x64 set size:undefined disposed:false
852 silly fetch manifest @esbuild/linux-loong64@0.21.5
853 silly packumentCache full:https://registry.npmjs.org/@esbuild%2flinux-loong64 cache-miss
854 http fetch GET 200 https://registry.npmjs.org/@esbuild%2ffreebsd-x64 333ms (cache miss)
855 silly packumentCache full:https://registry.npmjs.org/@esbuild%2ffreebsd-x64 set size:undefined disposed:false
856 silly fetch manifest @esbuild/linux-riscv64@0.21.5
857 silly packumentCache full:https://registry.npmjs.org/@esbuild%2flinux-riscv64 cache-miss
858 http fetch GET 200 https://registry.npmjs.org/@esbuild%2flinux-ppc64 352ms (cache miss)
859 silly packumentCache full:https://registry.npmjs.org/@esbuild%2flinux-ppc64 set size:undefined disposed:false
860 silly fetch manifest @esbuild/linux-mips64el@0.21.5
861 silly packumentCache full:https://registry.npmjs.org/@esbuild%2flinux-mips64el cache-miss
862 http fetch GET 200 https://registry.npmjs.org/@esbuild%2fwin32-x64 386ms (cache miss)
863 silly packumentCache full:https://registry.npmjs.org/@esbuild%2fwin32-x64 set size:undefined disposed:false
864 silly fetch manifest nanoid@^3.3.11
865 silly packumentCache full:https://registry.npmjs.org/nanoid cache-miss
866 http fetch GET 200 https://registry.npmjs.org/@esbuild%2fwin32-ia32 399ms (cache miss)
867 silly packumentCache full:https://registry.npmjs.org/@esbuild%2fwin32-ia32 set size:undefined disposed:false
868 silly fetch manifest source-map-js@^1.2.1
869 silly packumentCache full:https://registry.npmjs.org/source-map-js cache-miss
870 http fetch GET 200 https://registry.npmjs.org/@esbuild%2fandroid-arm 575ms (cache miss)
871 silly packumentCache full:https://registry.npmjs.org/@esbuild%2fandroid-arm set size:undefined disposed:false
872 silly fetch manifest @types/estree@1.0.8
873 silly packumentCache full:https://registry.npmjs.org/@types%2festree cache-miss
874 http fetch GET 200 https://registry.npmjs.org/@esbuild%2fopenbsd-x64 373ms (cache miss)
875 silly packumentCache full:https://registry.npmjs.org/@esbuild%2fopenbsd-x64 set size:undefined disposed:false
876 silly fetch manifest @rollup/rollup-darwin-arm64@4.60.1
877 silly packumentCache full:https://registry.npmjs.org/@rollup%2frollup-darwin-arm64 cache-miss
878 http fetch GET 200 https://registry.npmjs.org/@esbuild%2fnetbsd-x64 629ms (cache miss)
879 silly packumentCache full:https://registry.npmjs.org/@esbuild%2fnetbsd-x64 set size:undefined disposed:false
880 silly fetch manifest @rollup/rollup-android-arm64@4.60.1
881 silly packumentCache full:https://registry.npmjs.org/@rollup%2frollup-android-arm64 cache-miss
882 http fetch GET 200 https://registry.npmjs.org/@esbuild%2flinux-s390x 644ms (cache miss)
883 silly packumentCache full:https://registry.npmjs.org/@esbuild%2flinux-s390x set size:undefined disposed:false
884 silly fetch manifest @rollup/rollup-win32-arm64-msvc@4.60.1
885 silly packumentCache full:https://registry.npmjs.org/@rollup%2frollup-win32-arm64-msvc cache-miss
886 http fetch GET 200 https://registry.npmjs.org/@esbuild%2fandroid-arm64 375ms (cache miss)
887 silly packumentCache full:https://registry.npmjs.org/@esbuild%2fandroid-arm64 set size:undefined disposed:false
888 silly fetch manifest @rollup/rollup-freebsd-arm64@4.60.1
889 silly packumentCache full:https://registry.npmjs.org/@rollup%2frollup-freebsd-arm64 cache-miss
890 http fetch GET 200 https://registry.npmjs.org/source-map-js 275ms (cache miss)
891 silly packumentCache full:https://registry.npmjs.org/source-map-js set size:undefined disposed:false
892 silly fetch manifest @rollup/rollup-linux-arm64-gnu@4.60.1
893 silly packumentCache full:https://registry.npmjs.org/@rollup%2frollup-linux-arm64-gnu cache-miss
894 http fetch GET 200 https://registry.npmjs.org/@esbuild%2ffreebsd-arm64 364ms (cache miss)
895 silly packumentCache full:https://registry.npmjs.org/@esbuild%2ffreebsd-arm64 set size:undefined disposed:false
896 silly fetch manifest @rollup/rollup-linux-arm64-musl@4.60.1
897 silly packumentCache full:https://registry.npmjs.org/@rollup%2frollup-linux-arm64-musl cache-miss
898 http fetch GET 200 https://registry.npmjs.org/@esbuild%2fwin32-arm64 432ms (cache miss)
899 silly packumentCache full:https://registry.npmjs.org/@esbuild%2fwin32-arm64 set size:undefined disposed:false
900 silly fetch manifest @rollup/rollup-android-arm-eabi@4.60.1
901 silly packumentCache full:https://registry.npmjs.org/@rollup%2frollup-android-arm-eabi cache-miss
902 http fetch GET 200 https://registry.npmjs.org/@esbuild%2flinux-riscv64 376ms (cache miss)
903 silly packumentCache full:https://registry.npmjs.org/@esbuild%2flinux-riscv64 set size:undefined disposed:false
904 silly fetch manifest @rollup/rollup-linux-arm-gnueabihf@4.60.1
905 silly packumentCache full:https://registry.npmjs.org/@rollup%2frollup-linux-arm-gnueabihf cache-miss
906 http fetch GET 200 https://registry.npmjs.org/@esbuild%2flinux-mips64el 373ms (cache miss)
907 silly packumentCache full:https://registry.npmjs.org/@esbuild%2flinux-mips64el set size:undefined disposed:false
908 silly fetch manifest @rollup/rollup-linux-arm-musleabihf@4.60.1
909 silly packumentCache full:https://registry.npmjs.org/@rollup%2frollup-linux-arm-musleabihf cache-miss
910 http fetch GET 200 https://registry.npmjs.org/@types%2festree 184ms (cache miss)
911 silly packumentCache full:https://registry.npmjs.org/@types%2festree set size:undefined disposed:false
912 silly fetch manifest @rollup/rollup-win32-ia32-msvc@4.60.1
913 silly packumentCache full:https://registry.npmjs.org/@rollup%2frollup-win32-ia32-msvc cache-miss
914 http fetch GET 200 https://registry.npmjs.org/@esbuild%2fdarwin-arm64 516ms (cache miss)
915 silly packumentCache full:https://registry.npmjs.org/@esbuild%2fdarwin-arm64 set size:undefined disposed:false
916 silly fetch manifest @rollup/rollup-linux-loong64-gnu@4.60.1
917 silly packumentCache full:https://registry.npmjs.org/@rollup%2frollup-linux-loong64-gnu cache-miss
918 http fetch GET 200 https://registry.npmjs.org/@rollup%2frollup-darwin-arm64 234ms (cache miss)
919 silly packumentCache full:https://registry.npmjs.org/@rollup%2frollup-darwin-arm64 set size:undefined disposed:false
920 silly fetch manifest @rollup/rollup-linux-loong64-musl@4.60.1
921 silly packumentCache full:https://registry.npmjs.org/@rollup%2frollup-linux-loong64-musl cache-miss
922 http fetch GET 200 https://registry.npmjs.org/@rollup%2frollup-win32-arm64-msvc 211ms (cache miss)
923 silly packumentCache full:https://registry.npmjs.org/@rollup%2frollup-win32-arm64-msvc set size:undefined disposed:false
924 silly fetch manifest @rollup/rollup-linux-riscv64-gnu@4.60.1
925 silly packumentCache full:https://registry.npmjs.org/@rollup%2frollup-linux-riscv64-gnu cache-miss
926 http fetch GET 200 https://registry.npmjs.org/@rollup%2frollup-android-arm64 256ms (cache miss)
927 silly packumentCache full:https://registry.npmjs.org/@rollup%2frollup-android-arm64 set size:undefined disposed:false
928 silly fetch manifest @rollup/rollup-linux-riscv64-musl@4.60.1
929 silly packumentCache full:https://registry.npmjs.org/@rollup%2frollup-linux-riscv64-musl cache-miss
930 http fetch GET 200 https://registry.npmjs.org/@rollup%2frollup-freebsd-arm64 231ms (cache miss)
931 silly packumentCache full:https://registry.npmjs.org/@rollup%2frollup-freebsd-arm64 set size:undefined disposed:false
932 silly fetch manifest @rollup/rollup-linux-ppc64-gnu@4.60.1
933 silly packumentCache full:https://registry.npmjs.org/@rollup%2frollup-linux-ppc64-gnu cache-miss
934 http fetch GET 200 https://registry.npmjs.org/@rollup%2frollup-linux-arm64-musl 235ms (cache miss)
935 silly packumentCache full:https://registry.npmjs.org/@rollup%2frollup-linux-arm64-musl set size:undefined disposed:false
936 silly fetch manifest @rollup/rollup-linux-ppc64-musl@4.60.1
937 silly packumentCache full:https://registry.npmjs.org/@rollup%2frollup-linux-ppc64-musl cache-miss
938 http fetch GET 200 https://registry.npmjs.org/@rollup%2frollup-linux-arm-gnueabihf 252ms (cache miss)
939 silly packumentCache full:https://registry.npmjs.org/@rollup%2frollup-linux-arm-gnueabihf set size:undefined disposed:false
940 silly fetch manifest @rollup/rollup-linux-s390x-gnu@4.60.1
941 silly packumentCache full:https://registry.npmjs.org/@rollup%2frollup-linux-s390x-gnu cache-miss
942 http fetch GET 200 https://registry.npmjs.org/@rollup%2frollup-linux-arm-musleabihf 244ms (cache miss)
943 silly packumentCache full:https://registry.npmjs.org/@rollup%2frollup-linux-arm-musleabihf set size:undefined disposed:false
944 silly fetch manifest @rollup/rollup-darwin-x64@4.60.1
945 silly packumentCache full:https://registry.npmjs.org/@rollup%2frollup-darwin-x64 cache-miss
946 http fetch GET 200 https://registry.npmjs.org/@rollup%2frollup-linux-loong64-gnu 211ms (cache miss)
947 silly packumentCache full:https://registry.npmjs.org/@rollup%2frollup-linux-loong64-gnu set size:undefined disposed:false
948 silly fetch manifest @rollup/rollup-win32-x64-gnu@4.60.1
949 silly packumentCache full:https://registry.npmjs.org/@rollup%2frollup-win32-x64-gnu cache-miss
950 http fetch GET 200 https://registry.npmjs.org/@esbuild%2flinux-arm64 1024ms (cache miss)
951 silly packumentCache full:https://registry.npmjs.org/@esbuild%2flinux-arm64 set size:undefined disposed:false
952 silly fetch manifest @rollup/rollup-win32-x64-msvc@4.60.1
953 silly packumentCache full:https://registry.npmjs.org/@rollup%2frollup-win32-x64-msvc cache-miss
954 http fetch GET 200 https://registry.npmjs.org/@rollup%2frollup-win32-ia32-msvc 264ms (cache miss)
955 silly packumentCache full:https://registry.npmjs.org/@rollup%2frollup-win32-ia32-msvc set size:undefined disposed:false
956 silly fetch manifest @rollup/rollup-freebsd-x64@4.60.1
957 silly packumentCache full:https://registry.npmjs.org/@rollup%2frollup-freebsd-x64 cache-miss
958 http fetch GET 200 https://registry.npmjs.org/@rollup%2frollup-linux-riscv64-musl 163ms (cache miss)
959 silly packumentCache full:https://registry.npmjs.org/@rollup%2frollup-linux-riscv64-musl set size:undefined disposed:false
960 silly fetch manifest @rollup/rollup-linux-x64-gnu@4.60.1
961 silly packumentCache full:https://registry.npmjs.org/@rollup%2frollup-linux-x64-gnu cache-miss
962 http fetch GET 200 https://registry.npmjs.org/@rollup%2frollup-android-arm-eabi 379ms (cache miss)
963 silly packumentCache full:https://registry.npmjs.org/@rollup%2frollup-android-arm-eabi set size:undefined disposed:false
964 silly fetch manifest @rollup/rollup-linux-x64-musl@4.60.1
965 silly packumentCache full:https://registry.npmjs.org/@rollup%2frollup-linux-x64-musl cache-miss
966 http fetch GET 200 https://registry.npmjs.org/@rollup%2frollup-linux-s390x-gnu 132ms (cache miss)
967 silly packumentCache full:https://registry.npmjs.org/@rollup%2frollup-linux-s390x-gnu set size:undefined disposed:false
968 silly fetch manifest @rollup/rollup-openbsd-x64@4.60.1
969 silly packumentCache full:https://registry.npmjs.org/@rollup%2frollup-openbsd-x64 cache-miss
970 http fetch GET 200 https://registry.npmjs.org/@esbuild%2faix-ppc64 1146ms (cache miss)
971 silly packumentCache full:https://registry.npmjs.org/@esbuild%2faix-ppc64 set size:undefined disposed:false
972 silly fetch manifest @rollup/rollup-openharmony-arm64@4.60.1
973 silly packumentCache full:https://registry.npmjs.org/@rollup%2frollup-openharmony-arm64 cache-miss
974 http fetch GET 200 https://registry.npmjs.org/@rollup%2frollup-linux-ppc64-gnu 297ms (cache miss)
975 silly packumentCache full:https://registry.npmjs.org/@rollup%2frollup-linux-ppc64-gnu set size:undefined disposed:false
976 http fetch GET 200 https://registry.npmjs.org/@rollup%2frollup-freebsd-x64 160ms (cache miss)
977 silly packumentCache full:https://registry.npmjs.org/@rollup%2frollup-freebsd-x64 set size:undefined disposed:false
978 http fetch GET 200 https://registry.npmjs.org/@rollup%2frollup-openbsd-x64 114ms (cache miss)
979 silly packumentCache full:https://registry.npmjs.org/@rollup%2frollup-openbsd-x64 set size:undefined disposed:false
980 http fetch GET 200 https://registry.npmjs.org/@rollup%2frollup-linux-x64-musl 175ms (cache miss)
981 silly packumentCache full:https://registry.npmjs.org/@rollup%2frollup-linux-x64-musl set size:undefined disposed:false
982 http fetch GET 200 https://registry.npmjs.org/@rollup%2frollup-linux-riscv64-gnu 412ms (cache miss)
983 silly packumentCache full:https://registry.npmjs.org/@rollup%2frollup-linux-riscv64-gnu set size:undefined disposed:false
984 http fetch GET 200 https://registry.npmjs.org/@rollup%2frollup-openharmony-arm64 169ms (cache miss)
985 silly packumentCache full:https://registry.npmjs.org/@rollup%2frollup-openharmony-arm64 set size:undefined disposed:false
986 http fetch GET 200 https://registry.npmjs.org/nanoid 927ms (cache miss)
987 silly packumentCache full:https://registry.npmjs.org/nanoid set size:undefined disposed:false
988 http fetch GET 200 https://registry.npmjs.org/@rollup%2frollup-win32-x64-gnu 358ms (cache miss)
989 silly packumentCache full:https://registry.npmjs.org/@rollup%2frollup-win32-x64-gnu set size:undefined disposed:false
990 http fetch GET 200 https://registry.npmjs.org/@rollup%2frollup-linux-loong64-musl 626ms (cache miss)
991 silly packumentCache full:https://registry.npmjs.org/@rollup%2frollup-linux-loong64-musl set size:undefined disposed:false
992 http fetch GET 200 https://registry.npmjs.org/@rollup%2frollup-darwin-x64 567ms (cache miss)
993 silly packumentCache full:https://registry.npmjs.org/@rollup%2frollup-darwin-x64 set size:undefined disposed:false
994 http fetch GET 200 https://registry.npmjs.org/@rollup%2frollup-linux-x64-gnu 642ms (cache miss)
995 silly packumentCache full:https://registry.npmjs.org/@rollup%2frollup-linux-x64-gnu set size:undefined disposed:false
996 http fetch GET 200 https://registry.npmjs.org/@rollup%2frollup-win32-x64-msvc 705ms (cache miss)
997 silly packumentCache full:https://registry.npmjs.org/@rollup%2frollup-win32-x64-msvc set size:undefined disposed:false
998 http fetch GET 200 https://registry.npmjs.org/@rollup%2frollup-linux-arm64-gnu 1264ms (cache miss)
999 silly packumentCache full:https://registry.npmjs.org/@rollup%2frollup-linux-arm64-gnu set size:undefined disposed:false
1000 http fetch GET 200 https://registry.npmjs.org/@rollup%2frollup-linux-ppc64-musl 1053ms (cache miss)
1001 silly packumentCache full:https://registry.npmjs.org/@rollup%2frollup-linux-ppc64-musl set size:undefined disposed:false
1002 http fetch GET 200 https://registry.npmjs.org/@esbuild%2flinux-loong64 2002ms (cache miss)
1003 silly packumentCache full:https://registry.npmjs.org/@esbuild%2flinux-loong64 set size:undefined disposed:false
1004 silly placeDep ROOT @esbuild/aix-ppc64@0.21.5 OK for: esbuild@0.21.5 want: 0.21.5
1005 silly placeDep ROOT @esbuild/android-arm@0.21.5 OK for: esbuild@0.21.5 want: 0.21.5
1006 silly placeDep ROOT @esbuild/android-arm64@0.21.5 OK for: esbuild@0.21.5 want: 0.21.5
1007 silly placeDep ROOT @esbuild/android-x64@0.21.5 OK for: esbuild@0.21.5 want: 0.21.5
1008 silly placeDep ROOT @esbuild/darwin-arm64@0.21.5 OK for: esbuild@0.21.5 want: 0.21.5
1009 silly placeDep ROOT @esbuild/darwin-x64@0.21.5 OK for: esbuild@0.21.5 want: 0.21.5
1010 silly placeDep ROOT @esbuild/freebsd-arm64@0.21.5 OK for: esbuild@0.21.5 want: 0.21.5
1011 silly placeDep ROOT @esbuild/freebsd-x64@0.21.5 OK for: esbuild@0.21.5 want: 0.21.5
1012 silly placeDep ROOT @esbuild/linux-arm@0.21.5 OK for: esbuild@0.21.5 want: 0.21.5
1013 silly placeDep ROOT @esbuild/linux-arm64@0.21.5 OK for: esbuild@0.21.5 want: 0.21.5
1014 silly placeDep ROOT @esbuild/linux-ia32@0.21.5 OK for: esbuild@0.21.5 want: 0.21.5
1015 silly placeDep ROOT @esbuild/linux-loong64@0.21.5 OK for: esbuild@0.21.5 want: 0.21.5
1016 silly placeDep ROOT @esbuild/linux-mips64el@0.21.5 OK for: esbuild@0.21.5 want: 0.21.5
1017 silly placeDep ROOT @esbuild/linux-ppc64@0.21.5 OK for: esbuild@0.21.5 want: 0.21.5
1018 silly placeDep ROOT @esbuild/linux-riscv64@0.21.5 OK for: esbuild@0.21.5 want: 0.21.5
1019 silly placeDep ROOT @esbuild/linux-s390x@0.21.5 OK for: esbuild@0.21.5 want: 0.21.5
1020 silly placeDep ROOT @esbuild/linux-x64@0.21.5 OK for: esbuild@0.21.5 want: 0.21.5
1021 silly placeDep ROOT @esbuild/netbsd-x64@0.21.5 OK for: esbuild@0.21.5 want: 0.21.5
1022 silly placeDep ROOT @esbuild/openbsd-x64@0.21.5 OK for: esbuild@0.21.5 want: 0.21.5
1023 silly placeDep ROOT @esbuild/sunos-x64@0.21.5 OK for: esbuild@0.21.5 want: 0.21.5
1024 silly placeDep ROOT @esbuild/win32-arm64@0.21.5 OK for: esbuild@0.21.5 want: 0.21.5
1025 silly placeDep ROOT @esbuild/win32-ia32@0.21.5 OK for: esbuild@0.21.5 want: 0.21.5
1026 silly placeDep ROOT @esbuild/win32-x64@0.21.5 OK for: esbuild@0.21.5 want: 0.21.5
1027 silly placeDep ROOT nanoid@3.3.11 OK for: postcss@8.5.8 want: ^3.3.11
1028 silly placeDep ROOT source-map-js@1.2.1 OK for: postcss@8.5.8 want: ^1.2.1
1029 silly placeDep ROOT @rollup/rollup-android-arm-eabi@4.60.1 OK for: rollup@4.60.1 want: 4.60.1
1030 silly placeDep ROOT @rollup/rollup-android-arm64@4.60.1 OK for: rollup@4.60.1 want: 4.60.1
1031 silly placeDep ROOT @rollup/rollup-darwin-arm64@4.60.1 OK for: rollup@4.60.1 want: 4.60.1
1032 silly placeDep ROOT @rollup/rollup-darwin-x64@4.60.1 OK for: rollup@4.60.1 want: 4.60.1
1033 silly placeDep ROOT @rollup/rollup-freebsd-arm64@4.60.1 OK for: rollup@4.60.1 want: 4.60.1
1034 silly placeDep ROOT @rollup/rollup-freebsd-x64@4.60.1 OK for: rollup@4.60.1 want: 4.60.1
1035 silly placeDep ROOT @rollup/rollup-linux-arm-gnueabihf@4.60.1 OK for: rollup@4.60.1 want: 4.60.1
1036 silly placeDep ROOT @rollup/rollup-linux-arm-musleabihf@4.60.1 OK for: rollup@4.60.1 want: 4.60.1
1037 silly placeDep ROOT @rollup/rollup-linux-arm64-gnu@4.60.1 OK for: rollup@4.60.1 want: 4.60.1
1038 silly placeDep ROOT @rollup/rollup-linux-arm64-musl@4.60.1 OK for: rollup@4.60.1 want: 4.60.1
1039 silly placeDep ROOT @rollup/rollup-linux-loong64-gnu@4.60.1 OK for: rollup@4.60.1 want: 4.60.1
1040 silly placeDep ROOT @rollup/rollup-linux-loong64-musl@4.60.1 OK for: rollup@4.60.1 want: 4.60.1
1041 silly placeDep ROOT @rollup/rollup-linux-ppc64-gnu@4.60.1 OK for: rollup@4.60.1 want: 4.60.1
1042 silly placeDep ROOT @rollup/rollup-linux-ppc64-musl@4.60.1 OK for: rollup@4.60.1 want: 4.60.1
1043 silly placeDep ROOT @rollup/rollup-linux-riscv64-gnu@4.60.1 OK for: rollup@4.60.1 want: 4.60.1
1044 silly placeDep ROOT @rollup/rollup-linux-riscv64-musl@4.60.1 OK for: rollup@4.60.1 want: 4.60.1
1045 silly placeDep ROOT @rollup/rollup-linux-s390x-gnu@4.60.1 OK for: rollup@4.60.1 want: 4.60.1
1046 silly placeDep ROOT @rollup/rollup-linux-x64-gnu@4.60.1 OK for: rollup@4.60.1 want: 4.60.1
1047 silly placeDep ROOT @rollup/rollup-linux-x64-musl@4.60.1 OK for: rollup@4.60.1 want: 4.60.1
1048 silly placeDep ROOT @rollup/rollup-openbsd-x64@4.60.1 OK for: rollup@4.60.1 want: 4.60.1
1049 silly placeDep ROOT @rollup/rollup-openharmony-arm64@4.60.1 OK for: rollup@4.60.1 want: 4.60.1
1050 silly placeDep ROOT @rollup/rollup-win32-arm64-msvc@4.60.1 OK for: rollup@4.60.1 want: 4.60.1
1051 silly placeDep ROOT @rollup/rollup-win32-ia32-msvc@4.60.1 OK for: rollup@4.60.1 want: 4.60.1
1052 silly placeDep ROOT @rollup/rollup-win32-x64-gnu@4.60.1 OK for: rollup@4.60.1 want: 4.60.1
1053 silly placeDep ROOT @rollup/rollup-win32-x64-msvc@4.60.1 OK for: rollup@4.60.1 want: 4.60.1
1054 silly placeDep ROOT @types/estree@1.0.8 OK for: rollup@4.60.1 want: 1.0.8
1055 silly reify moves {}
1056 silly audit bulk request {
1056 silly audit   '@types/react': [ '18.3.28' ],
1056 silly audit   '@types/react-dom': [ '18.3.7' ],
1056 silly audit   '@vitejs/plugin-react': [ '4.7.0' ],
1056 silly audit   vite: [ '5.4.21' ],
1056 silly audit   axios: [ '1.14.0' ],
1056 silly audit   'framer-motion': [ '11.18.2' ],
1056 silly audit   'lucide-react': [ '0.344.0' ],
1056 silly audit   react: [ '18.3.1' ],
1056 silly audit   'react-dom': [ '18.3.1' ],
1056 silly audit   'react-router-dom': [ '6.30.3' ],
1056 silly audit   recharts: [ '2.15.4' ],
1056 silly audit   '@types/prop-types': [ '15.7.15' ],
1056 silly audit   csstype: [ '3.2.3' ],
1056 silly audit   '@babel/core': [ '7.29.0' ],
1056 silly audit   '@babel/plugin-transform-react-jsx-self': [ '7.27.1' ],
1056 silly audit   '@babel/plugin-transform-react-jsx-source': [ '7.27.1' ],
1056 silly audit   '@rolldown/pluginutils': [ '1.0.0-beta.27' ],
1056 silly audit   '@types/babel__core': [ '7.20.5' ],
1056 silly audit   'react-refresh': [ '0.17.0' ],
1056 silly audit   '@babel/code-frame': [ '7.29.0' ],
1056 silly audit   '@babel/generator': [ '7.29.1' ],
1056 silly audit   '@babel/helper-compilation-targets': [ '7.28.6' ],
1056 silly audit   '@babel/helper-module-transforms': [ '7.28.6' ],
1056 silly audit   '@babel/helpers': [ '7.29.2' ],
1056 silly audit   '@babel/parser': [ '7.29.2' ],
1056 silly audit   '@babel/template': [ '7.28.6' ],
1056 silly audit   '@babel/traverse': [ '7.29.0' ],
1056 silly audit   '@babel/types': [ '7.29.0' ],
1056 silly audit   '@jridgewell/remapping': [ '2.3.5' ],
1056 silly audit   'convert-source-map': [ '2.0.0' ],
1056 silly audit   debug: [ '4.4.3' ],
1056 silly audit   gensync: [ '1.0.0-beta.2' ],
1056 silly audit   json5: [ '2.2.3' ],
1056 silly audit   semver: [ '6.3.1' ],
1056 silly audit   '@babel/helper-validator-identifier': [ '7.28.5' ],
1056 silly audit   'js-tokens': [ '4.0.0' ],
1056 silly audit   picocolors: [ '1.1.1' ],
1056 silly audit   '@jridgewell/gen-mapping': [ '0.3.13' ],
1056 silly audit   '@jridgewell/trace-mapping': [ '0.3.31' ],
1056 silly audit   jsesc: [ '3.1.0' ],
1056 silly audit   '@babel/compat-data': [ '7.29.0' ],
1056 silly audit   '@babel/helper-validator-option': [ '7.27.1' ],
1056 silly audit   browserslist: [ '4.28.2' ],
1056 silly audit   'lru-cache': [ '5.1.1' ],
1056 silly audit   '@babel/helper-module-imports': [ '7.28.6' ],
1056 silly audit   '@babel/helper-plugin-utils': [ '7.28.6' ],
1056 silly audit   '@babel/helper-globals': [ '7.28.0' ],
1056 silly audit   '@babel/helper-string-parser': [ '7.27.1' ],
1056 silly audit   '@jridgewell/sourcemap-codec': [ '1.5.5' ],
1056 silly audit   '@jridgewell/resolve-uri': [ '3.1.2' ],
1056 silly audit   '@types/babel__generator': [ '7.27.0' ],
1056 silly audit   '@types/babel__template': [ '7.4.4' ],
1056 silly audit   '@types/babel__traverse': [ '7.28.0' ],
1056 silly audit   'follow-redirects': [ '1.15.11' ],
1056 silly audit   'form-data': [ '4.0.5' ],
1056 silly audit   'proxy-from-env': [ '2.1.0' ],
1056 silly audit   'baseline-browser-mapping': [ '2.10.14' ],
1056 silly audit   'caniuse-lite': [ '1.0.30001785' ],
1056 silly audit   'electron-to-chromium': [ '1.5.331' ],
1056 silly audit   'node-releases': [ '2.0.37' ],
1056 silly audit   'update-browserslist-db': [ '1.2.3' ],
1056 silly audit   ms: [ '2.1.3' ],
1056 silly audit   asynckit: [ '0.4.0' ],
1056 silly audit   'combined-stream': [ '1.0.8' ],
1056 silly audit   'es-set-tostringtag': [ '2.1.0' ],
1056 silly audit   hasown: [ '2.0.2' ],
1056 silly audit   'mime-types': [ '2.1.35' ],
1056 silly audit   'delayed-stream': [ '1.0.0' ],
1056 silly audit   'es-errors': [ '1.3.0' ],
1056 silly audit   'get-intrinsic': [ '1.3.0' ],
1056 silly audit   'has-tostringtag': [ '1.0.2' ],
1056 silly audit   'motion-dom': [ '11.18.1' ],
1056 silly audit   'motion-utils': [ '11.18.1' ],
1056 silly audit   tslib: [ '2.8.1' ],
1056 silly audit   'call-bind-apply-helpers': [ '1.0.2' ],
1056 silly audit   'es-define-property': [ '1.0.1' ],
1056 silly audit   'es-object-atoms': [ '1.1.1' ],
1056 silly audit   'function-bind': [ '1.1.2' ],
1056 silly audit   'get-proto': [ '1.0.1' ],
1056 silly audit   gopd: [ '1.2.0' ],
1056 silly audit   'has-symbols': [ '1.1.0' ],
1056 silly audit   'math-intrinsics': [ '1.1.0' ],
1056 silly audit   'dunder-proto': [ '1.0.1' ],
1056 silly audit   yallist: [ '3.1.1' ],
1056 silly audit   'mime-db': [ '1.52.0' ],
1056 silly audit   'loose-envify': [ '1.4.0' ],
1056 silly audit   scheduler: [ '0.23.2' ],
1056 silly audit   '@remix-run/router': [ '1.23.2' ],
1056 silly audit   'react-router': [ '6.30.3' ],
1056 silly audit   clsx: [ '2.1.1' ],
1056 silly audit   eventemitter3: [ '4.0.7' ],
1056 silly audit   lodash: [ '4.18.1' ],
1056 silly audit   'react-is': [ '18.3.1', '16.13.1' ],
1056 silly audit   'react-smooth': [ '4.0.4' ],
1056 silly audit   'recharts-scale': [ '0.4.5' ],
1056 silly audit   'tiny-invariant': [ '1.3.3' ],
1056 silly audit   'victory-vendor': [ '36.9.2' ],
1056 silly audit   'fast-equals': [ '5.4.0' ],
1056 silly audit   'prop-types': [ '15.8.1' ],
1056 silly audit   'react-transition-group': [ '4.4.5' ],
1056 silly audit   'object-assign': [ '4.1.1' ],
1056 silly audit   '@babel/runtime': [ '7.29.2' ],
1056 silly audit   'dom-helpers': [ '5.2.1' ],
1056 silly audit   'decimal.js-light': [ '2.5.1' ],
1056 silly audit   escalade: [ '3.2.0' ],
1056 silly audit   '@types/d3-array': [ '3.2.2' ],
1056 silly audit   '@types/d3-ease': [ '3.0.2' ],
1056 silly audit   '@types/d3-interpolate': [ '3.0.4' ],
1056 silly audit   '@types/d3-scale': [ '4.0.9' ],
1056 silly audit   '@types/d3-shape': [ '3.1.8' ],
1056 silly audit   '@types/d3-time': [ '3.0.4' ],
1056 silly audit   '@types/d3-timer': [ '3.0.2' ],
1056 silly audit   'd3-array': [ '3.2.4' ],
1056 silly audit   'd3-ease': [ '3.0.1' ],
1056 silly audit   'd3-interpolate': [ '3.0.1' ],
1056 silly audit   'd3-scale': [ '4.0.2' ],
1056 silly audit   'd3-shape': [ '3.2.0' ],
1056 silly audit   'd3-time': [ '3.1.0' ],
1056 silly audit   'd3-timer': [ '3.0.1' ],
1056 silly audit   '@types/d3-color': [ '3.1.3' ],
1056 silly audit   '@types/d3-path': [ '3.1.1' ],
1056 silly audit   internmap: [ '2.0.3' ],
1056 silly audit   'd3-color': [ '3.1.0' ],
1056 silly audit   'd3-format': [ '3.1.2' ],
1056 silly audit   'd3-time-format': [ '4.1.0' ],
1056 silly audit   'd3-path': [ '3.1.0' ],
1056 silly audit   esbuild: [ '0.21.5' ],
1056 silly audit   fsevents: [ '2.3.3' ],
1056 silly audit   postcss: [ '8.5.8' ],
1056 silly audit   rollup: [ '4.60.1' ],
1056 silly audit   '@esbuild/aix-ppc64': [ '0.21.5' ],
1056 silly audit   '@esbuild/android-arm': [ '0.21.5' ],
1056 silly audit   '@esbuild/android-arm64': [ '0.21.5' ],
1056 silly audit   '@esbuild/android-x64': [ '0.21.5' ],
1056 silly audit   '@esbuild/darwin-arm64': [ '0.21.5' ],
1056 silly audit   '@esbuild/darwin-x64': [ '0.21.5' ],
1056 silly audit   '@esbuild/freebsd-arm64': [ '0.21.5' ],
1056 silly audit   '@esbuild/freebsd-x64': [ '0.21.5' ],
1056 silly audit   '@esbuild/linux-arm': [ '0.21.5' ],
1056 silly audit   '@esbuild/linux-arm64': [ '0.21.5' ],
1056 silly audit   '@esbuild/linux-ia32': [ '0.21.5' ],
1056 silly audit   '@esbuild/linux-loong64': [ '0.21.5' ],
1056 silly audit   '@esbuild/linux-mips64el': [ '0.21.5' ],
1056 silly audit   '@esbuild/linux-ppc64': [ '0.21.5' ],
1056 silly audit   '@esbuild/linux-riscv64': [ '0.21.5' ],
1056 silly audit   '@esbuild/linux-s390x': [ '0.21.5' ],
1056 silly audit   '@esbuild/linux-x64': [ '0.21.5' ],
1056 silly audit   '@esbuild/netbsd-x64': [ '0.21.5' ],
1056 silly audit   '@esbuild/openbsd-x64': [ '0.21.5' ],
1056 silly audit   '@esbuild/sunos-x64': [ '0.21.5' ],
1056 silly audit   '@esbuild/win32-arm64': [ '0.21.5' ],
1056 silly audit   '@esbuild/win32-ia32': [ '0.21.5' ],
1056 silly audit   '@esbuild/win32-x64': [ '0.21.5' ],
1056 silly audit   nanoid: [ '3.3.11' ],
1056 silly audit   'source-map-js': [ '1.2.1' ],
1056 silly audit   '@rollup/rollup-android-arm-eabi': [ '4.60.1' ],
1056 silly audit   '@rollup/rollup-android-arm64': [ '4.60.1' ],
1056 silly audit   '@rollup/rollup-darwin-arm64': [ '4.60.1' ],
1056 silly audit   '@rollup/rollup-darwin-x64': [ '4.60.1' ],
1056 silly audit   '@rollup/rollup-freebsd-arm64': [ '4.60.1' ],
1056 silly audit   '@rollup/rollup-freebsd-x64': [ '4.60.1' ],
1056 silly audit   '@rollup/rollup-linux-arm-gnueabihf': [ '4.60.1' ],
1056 silly audit   '@rollup/rollup-linux-arm-musleabihf': [ '4.60.1' ],
1056 silly audit   '@rollup/rollup-linux-arm64-gnu': [ '4.60.1' ],
1056 silly audit   '@rollup/rollup-linux-arm64-musl': [ '4.60.1' ],
1056 silly audit   '@rollup/rollup-linux-loong64-gnu': [ '4.60.1' ],
1056 silly audit   '@rollup/rollup-linux-loong64-musl': [ '4.60.1' ],
1056 silly audit   '@rollup/rollup-linux-ppc64-gnu': [ '4.60.1' ],
1056 silly audit   '@rollup/rollup-linux-ppc64-musl': [ '4.60.1' ],
1056 silly audit   '@rollup/rollup-linux-riscv64-gnu': [ '4.60.1' ],
1056 silly audit   '@rollup/rollup-linux-riscv64-musl': [ '4.60.1' ],
1056 silly audit   '@rollup/rollup-linux-s390x-gnu': [ '4.60.1' ],
1056 silly audit   '@rollup/rollup-linux-x64-gnu': [ '4.60.1' ],
1056 silly audit   '@rollup/rollup-linux-x64-musl': [ '4.60.1' ],
1056 silly audit   '@rollup/rollup-openbsd-x64': [ '4.60.1' ],
1056 silly audit   '@rollup/rollup-openharmony-arm64': [ '4.60.1' ],
1056 silly audit   '@rollup/rollup-win32-arm64-msvc': [ '4.60.1' ],
1056 silly audit   '@rollup/rollup-win32-ia32-msvc': [ '4.60.1' ],
1056 silly audit   '@rollup/rollup-win32-x64-gnu': [ '4.60.1' ],
1056 silly audit   '@rollup/rollup-win32-x64-msvc': [ '4.60.1' ],
1056 silly audit   '@types/estree': [ '1.0.8' ]
1056 silly audit }
1057 verbose reify failed optional dependency C:\Users\bunny\OneDrive\Desktop\D UI\node_modules\@rollup\rollup-win32-ia32-msvc
1058 silly reify mark deleted [
1058 silly reify   'C:\\Users\\bunny\\OneDrive\\Desktop\\D UI\\node_modules\\@rollup\\rollup-win32-ia32-msvc'
1058 silly reify ]
1059 verbose reify failed optional dependency C:\Users\bunny\OneDrive\Desktop\D UI\node_modules\@rollup\rollup-win32-arm64-msvc
1060 silly reify mark deleted [
1060 silly reify   'C:\\Users\\bunny\\OneDrive\\Desktop\\D UI\\node_modules\\@rollup\\rollup-win32-arm64-msvc'
1060 silly reify ]
1061 verbose reify failed optional dependency C:\Users\bunny\OneDrive\Desktop\D UI\node_modules\@rollup\rollup-openharmony-arm64
1062 silly reify mark deleted [
1062 silly reify   'C:\\Users\\bunny\\OneDrive\\Desktop\\D UI\\node_modules\\@rollup\\rollup-openharmony-arm64'
1062 silly reify ]
1063 verbose reify failed optional dependency C:\Users\bunny\OneDrive\Desktop\D UI\node_modules\@rollup\rollup-openbsd-x64
1064 silly reify mark deleted [
1064 silly reify   'C:\\Users\\bunny\\OneDrive\\Desktop\\D UI\\node_modules\\@rollup\\rollup-openbsd-x64'
1064 silly reify ]
1065 verbose reify failed optional dependency C:\Users\bunny\OneDrive\Desktop\D UI\node_modules\@rollup\rollup-linux-x64-musl
1066 silly reify mark deleted [
1066 silly reify   'C:\\Users\\bunny\\OneDrive\\Desktop\\D UI\\node_modules\\@rollup\\rollup-linux-x64-musl'
1066 silly reify ]
1067 verbose reify failed optional dependency C:\Users\bunny\OneDrive\Desktop\D UI\node_modules\@rollup\rollup-linux-x64-gnu
1068 silly reify mark deleted [
1068 silly reify   'C:\\Users\\bunny\\OneDrive\\Desktop\\D UI\\node_modules\\@rollup\\rollup-linux-x64-gnu'
1068 silly reify ]
1069 verbose reify failed optional dependency C:\Users\bunny\OneDrive\Desktop\D UI\node_modules\@rollup\rollup-linux-s390x-gnu
1070 silly reify mark deleted [
1070 silly reify   'C:\\Users\\bunny\\OneDrive\\Desktop\\D UI\\node_modules\\@rollup\\rollup-linux-s390x-gnu'
1070 silly reify ]
1071 verbose reify failed optional dependency C:\Users\bunny\OneDrive\Desktop\D UI\node_modules\@rollup\rollup-linux-riscv64-musl
1072 silly reify mark deleted [
1072 silly reify   'C:\\Users\\bunny\\OneDrive\\Desktop\\D UI\\node_modules\\@rollup\\rollup-linux-riscv64-musl'
1072 silly reify ]
1073 verbose reify failed optional dependency C:\Users\bunny\OneDrive\Desktop\D UI\node_modules\@rollup\rollup-linux-riscv64-gnu
1074 silly reify mark deleted [
1074 silly reify   'C:\\Users\\bunny\\OneDrive\\Desktop\\D UI\\node_modules\\@rollup\\rollup-linux-riscv64-gnu'
1074 silly reify ]
1075 verbose reify failed optional dependency C:\Users\bunny\OneDrive\Desktop\D UI\node_modules\@rollup\rollup-linux-ppc64-musl
1076 silly reify mark deleted [
1076 silly reify   'C:\\Users\\bunny\\OneDrive\\Desktop\\D UI\\node_modules\\@rollup\\rollup-linux-ppc64-musl'
1076 silly reify ]
1077 verbose reify failed optional dependency C:\Users\bunny\OneDrive\Desktop\D UI\node_modules\@rollup\rollup-linux-ppc64-gnu
1078 silly reify mark deleted [
1078 silly reify   'C:\\Users\\bunny\\OneDrive\\Desktop\\D UI\\node_modules\\@rollup\\rollup-linux-ppc64-gnu'
1078 silly reify ]
1079 verbose reify failed optional dependency C:\Users\bunny\OneDrive\Desktop\D UI\node_modules\@rollup\rollup-linux-loong64-musl
1080 silly reify mark deleted [
1080 silly reify   'C:\\Users\\bunny\\OneDrive\\Desktop\\D UI\\node_modules\\@rollup\\rollup-linux-loong64-musl'
1080 silly reify ]
1081 verbose reify failed optional dependency C:\Users\bunny\OneDrive\Desktop\D UI\node_modules\@rollup\rollup-linux-loong64-gnu
1082 silly reify mark deleted [
1082 silly reify   'C:\\Users\\bunny\\OneDrive\\Desktop\\D UI\\node_modules\\@rollup\\rollup-linux-loong64-gnu'
1082 silly reify ]
1083 verbose reify failed optional dependency C:\Users\bunny\OneDrive\Desktop\D UI\node_modules\@rollup\rollup-linux-arm64-musl
1084 silly reify mark deleted [
1084 silly reify   'C:\\Users\\bunny\\OneDrive\\Desktop\\D UI\\node_modules\\@rollup\\rollup-linux-arm64-musl'
1084 silly reify ]
1085 verbose reify failed optional dependency C:\Users\bunny\OneDrive\Desktop\D UI\node_modules\@rollup\rollup-linux-arm64-gnu
1086 silly reify mark deleted [
1086 silly reify   'C:\\Users\\bunny\\OneDrive\\Desktop\\D UI\\node_modules\\@rollup\\rollup-linux-arm64-gnu'
1086 silly reify ]
1087 verbose reify failed optional dependency C:\Users\bunny\OneDrive\Desktop\D UI\node_modules\@rollup\rollup-linux-arm-musleabihf
1088 silly reify mark deleted [
1088 silly reify   'C:\\Users\\bunny\\OneDrive\\Desktop\\D UI\\node_modules\\@rollup\\rollup-linux-arm-musleabihf'
1088 silly reify ]
1089 verbose reify failed optional dependency C:\Users\bunny\OneDrive\Desktop\D UI\node_modules\@rollup\rollup-linux-arm-gnueabihf
1090 silly reify mark deleted [
1090 silly reify   'C:\\Users\\bunny\\OneDrive\\Desktop\\D UI\\node_modules\\@rollup\\rollup-linux-arm-gnueabihf'
1090 silly reify ]
1091 verbose reify failed optional dependency C:\Users\bunny\OneDrive\Desktop\D UI\node_modules\@rollup\rollup-freebsd-x64
1092 silly reify mark deleted [
1092 silly reify   'C:\\Users\\bunny\\OneDrive\\Desktop\\D UI\\node_modules\\@rollup\\rollup-freebsd-x64'
1092 silly reify ]
1093 verbose reify failed optional dependency C:\Users\bunny\OneDrive\Desktop\D UI\node_modules\@rollup\rollup-freebsd-arm64
1094 silly reify mark deleted [
1094 silly reify   'C:\\Users\\bunny\\OneDrive\\Desktop\\D UI\\node_modules\\@rollup\\rollup-freebsd-arm64'
1094 silly reify ]
1095 verbose reify failed optional dependency C:\Users\bunny\OneDrive\Desktop\D UI\node_modules\@rollup\rollup-darwin-x64
1096 silly reify mark deleted [
1096 silly reify   'C:\\Users\\bunny\\OneDrive\\Desktop\\D UI\\node_modules\\@rollup\\rollup-darwin-x64'
1096 silly reify ]
1097 verbose reify failed optional dependency C:\Users\bunny\OneDrive\Desktop\D UI\node_modules\@rollup\rollup-darwin-arm64
1098 silly reify mark deleted [
1098 silly reify   'C:\\Users\\bunny\\OneDrive\\Desktop\\D UI\\node_modules\\@rollup\\rollup-darwin-arm64'
1098 silly reify ]
1099 verbose reify failed optional dependency C:\Users\bunny\OneDrive\Desktop\D UI\node_modules\@rollup\rollup-android-arm64
1100 silly reify mark deleted [
1100 silly reify   'C:\\Users\\bunny\\OneDrive\\Desktop\\D UI\\node_modules\\@rollup\\rollup-android-arm64'
1100 silly reify ]
1101 verbose reify failed optional dependency C:\Users\bunny\OneDrive\Desktop\D UI\node_modules\@rollup\rollup-android-arm-eabi
1102 silly reify mark deleted [
1102 silly reify   'C:\\Users\\bunny\\OneDrive\\Desktop\\D UI\\node_modules\\@rollup\\rollup-android-arm-eabi'
1102 silly reify ]
1103 verbose reify failed optional dependency C:\Users\bunny\OneDrive\Desktop\D UI\node_modules\@esbuild\win32-ia32
1104 silly reify mark deleted [
1104 silly reify   'C:\\Users\\bunny\\OneDrive\\Desktop\\D UI\\node_modules\\@esbuild\\win32-ia32'
1104 silly reify ]
1105 verbose reify failed optional dependency C:\Users\bunny\OneDrive\Desktop\D UI\node_modules\@esbuild\win32-arm64
1106 silly reify mark deleted [
1106 silly reify   'C:\\Users\\bunny\\OneDrive\\Desktop\\D UI\\node_modules\\@esbuild\\win32-arm64'
1106 silly reify ]
1107 verbose reify failed optional dependency C:\Users\bunny\OneDrive\Desktop\D UI\node_modules\@esbuild\sunos-x64
1108 silly reify mark deleted [
1108 silly reify   'C:\\Users\\bunny\\OneDrive\\Desktop\\D UI\\node_modules\\@esbuild\\sunos-x64'
1108 silly reify ]
1109 verbose reify failed optional dependency C:\Users\bunny\OneDrive\Desktop\D UI\node_modules\@esbuild\openbsd-x64
1110 silly reify mark deleted [
1110 silly reify   'C:\\Users\\bunny\\OneDrive\\Desktop\\D UI\\node_modules\\@esbuild\\openbsd-x64'
1110 silly reify ]
1111 verbose reify failed optional dependency C:\Users\bunny\OneDrive\Desktop\D UI\node_modules\@esbuild\netbsd-x64
1112 silly reify mark deleted [
1112 silly reify   'C:\\Users\\bunny\\OneDrive\\Desktop\\D UI\\node_modules\\@esbuild\\netbsd-x64'
1112 silly reify ]
1113 verbose reify failed optional dependency C:\Users\bunny\OneDrive\Desktop\D UI\node_modules\@esbuild\linux-x64
1114 silly reify mark deleted [
1114 silly reify   'C:\\Users\\bunny\\OneDrive\\Desktop\\D UI\\node_modules\\@esbuild\\linux-x64'
1114 silly reify ]
1115 verbose reify failed optional dependency C:\Users\bunny\OneDrive\Desktop\D UI\node_modules\@esbuild\linux-s390x
1116 silly reify mark deleted [
1116 silly reify   'C:\\Users\\bunny\\OneDrive\\Desktop\\D UI\\node_modules\\@esbuild\\linux-s390x'
1116 silly reify ]
1117 verbose reify failed optional dependency C:\Users\bunny\OneDrive\Desktop\D UI\node_modules\@esbuild\linux-riscv64
1118 silly reify mark deleted [
1118 silly reify   'C:\\Users\\bunny\\OneDrive\\Desktop\\D UI\\node_modules\\@esbuild\\linux-riscv64'
1118 silly reify ]
1119 verbose reify failed optional dependency C:\Users\bunny\OneDrive\Desktop\D UI\node_modules\@esbuild\linux-ppc64
1120 silly reify mark deleted [
1120 silly reify   'C:\\Users\\bunny\\OneDrive\\Desktop\\D UI\\node_modules\\@esbuild\\linux-ppc64'
1120 silly reify ]
1121 verbose reify failed optional dependency C:\Users\bunny\OneDrive\Desktop\D UI\node_modules\@esbuild\linux-mips64el
1122 silly reify mark deleted [
1122 silly reify   'C:\\Users\\bunny\\OneDrive\\Desktop\\D UI\\node_modules\\@esbuild\\linux-mips64el'
1122 silly reify ]
1123 verbose reify failed optional dependency C:\Users\bunny\OneDrive\Desktop\D UI\node_modules\@esbuild\linux-loong64
1124 silly reify mark deleted [
1124 silly reify   'C:\\Users\\bunny\\OneDrive\\Desktop\\D UI\\node_modules\\@esbuild\\linux-loong64'
1124 silly reify ]
1125 verbose reify failed optional dependency C:\Users\bunny\OneDrive\Desktop\D UI\node_modules\@esbuild\linux-ia32
1126 silly reify mark deleted [
1126 silly reify   'C:\\Users\\bunny\\OneDrive\\Desktop\\D UI\\node_modules\\@esbuild\\linux-ia32'
1126 silly reify ]
1127 verbose reify failed optional dependency C:\Users\bunny\OneDrive\Desktop\D UI\node_modules\@esbuild\linux-arm64
1128 silly reify mark deleted [
1128 silly reify   'C:\\Users\\bunny\\OneDrive\\Desktop\\D UI\\node_modules\\@esbuild\\linux-arm64'
1128 silly reify ]
1129 verbose reify failed optional dependency C:\Users\bunny\OneDrive\Desktop\D UI\node_modules\@esbuild\linux-arm
1130 silly reify mark deleted [
1130 silly reify   'C:\\Users\\bunny\\OneDrive\\Desktop\\D UI\\node_modules\\@esbuild\\linux-arm'
1130 silly reify ]
1131 verbose reify failed optional dependency C:\Users\bunny\OneDrive\Desktop\D UI\node_modules\@esbuild\freebsd-x64
1132 silly reify mark deleted [
1132 silly reify   'C:\\Users\\bunny\\OneDrive\\Desktop\\D UI\\node_modules\\@esbuild\\freebsd-x64'
1132 silly reify ]
1133 verbose reify failed optional dependency C:\Users\bunny\OneDrive\Desktop\D UI\node_modules\@esbuild\freebsd-arm64
1134 silly reify mark deleted [
1134 silly reify   'C:\\Users\\bunny\\OneDrive\\Desktop\\D UI\\node_modules\\@esbuild\\freebsd-arm64'
1134 silly reify ]
1135 verbose reify failed optional dependency C:\Users\bunny\OneDrive\Desktop\D UI\node_modules\@esbuild\darwin-x64
1136 silly reify mark deleted [
1136 silly reify   'C:\\Users\\bunny\\OneDrive\\Desktop\\D UI\\node_modules\\@esbuild\\darwin-x64'
1136 silly reify ]
1137 verbose reify failed optional dependency C:\Users\bunny\OneDrive\Desktop\D UI\node_modules\@esbuild\darwin-arm64
1138 silly reify mark deleted [
1138 silly reify   'C:\\Users\\bunny\\OneDrive\\Desktop\\D UI\\node_modules\\@esbuild\\darwin-arm64'
1138 silly reify ]
1139 verbose reify failed optional dependency C:\Users\bunny\OneDrive\Desktop\D UI\node_modules\@esbuild\android-x64
1140 silly reify mark deleted [
1140 silly reify   'C:\\Users\\bunny\\OneDrive\\Desktop\\D UI\\node_modules\\@esbuild\\android-x64'
1140 silly reify ]
1141 verbose reify failed optional dependency C:\Users\bunny\OneDrive\Desktop\D UI\node_modules\@esbuild\android-arm64
1142 silly reify mark deleted [
1142 silly reify   'C:\\Users\\bunny\\OneDrive\\Desktop\\D UI\\node_modules\\@esbuild\\android-arm64'
1142 silly reify ]
1143 verbose reify failed optional dependency C:\Users\bunny\OneDrive\Desktop\D UI\node_modules\@esbuild\android-arm
1144 silly reify mark deleted [
1144 silly reify   'C:\\Users\\bunny\\OneDrive\\Desktop\\D UI\\node_modules\\@esbuild\\android-arm'
1144 silly reify ]
1145 verbose reify failed optional dependency C:\Users\bunny\OneDrive\Desktop\D UI\node_modules\@esbuild\aix-ppc64
1146 silly reify mark deleted [
1146 silly reify   'C:\\Users\\bunny\\OneDrive\\Desktop\\D UI\\node_modules\\@esbuild\\aix-ppc64'
1146 silly reify ]
1147 verbose reify failed optional dependency C:\Users\bunny\OneDrive\Desktop\D UI\node_modules\fsevents
1148 silly reify mark deleted [ 'C:\\Users\\bunny\\OneDrive\\Desktop\\D UI\\node_modules\\fsevents' ]
1149 http cache @types/estree@https://registry.npmjs.org/@types/estree/-/estree-1.0.8.tgz 0ms (cache hit)
1150 http cache source-map-js@https://registry.npmjs.org/source-map-js/-/source-map-js-1.2.1.tgz 0ms (cache hit)
1151 http cache nanoid@https://registry.npmjs.org/nanoid/-/nanoid-3.3.11.tgz 0ms (cache hit)
1152 http cache rollup@https://registry.npmjs.org/rollup/-/rollup-4.60.1.tgz 0ms (cache hit)
1153 http cache @rollup/rollup-win32-x64-gnu@https://registry.npmjs.org/@rollup/rollup-win32-x64-gnu/-/rollup-win32-x64-gnu-4.60.1.tgz 0ms (cache hit)
1154 http cache @esbuild/win32-x64@https://registry.npmjs.org/@esbuild/win32-x64/-/win32-x64-0.21.5.tgz 0ms (cache hit)
1155 http cache @rollup/rollup-win32-x64-msvc@https://registry.npmjs.org/@rollup/rollup-win32-x64-msvc/-/rollup-win32-x64-msvc-4.60.1.tgz 1ms (cache hit)
1156 http cache esbuild@https://registry.npmjs.org/esbuild/-/esbuild-0.21.5.tgz 0ms (cache hit)
1157 http cache postcss@https://registry.npmjs.org/postcss/-/postcss-8.5.8.tgz 0ms (cache hit)
1158 http cache d3-path@https://registry.npmjs.org/d3-path/-/d3-path-3.1.0.tgz 0ms (cache hit)
1159 http cache d3-format@https://registry.npmjs.org/d3-format/-/d3-format-3.1.2.tgz 0ms (cache hit)
1160 http cache d3-color@https://registry.npmjs.org/d3-color/-/d3-color-3.1.0.tgz 0ms (cache hit)
1161 http cache d3-time-format@https://registry.npmjs.org/d3-time-format/-/d3-time-format-4.1.0.tgz 0ms (cache hit)
1162 http cache internmap@https://registry.npmjs.org/internmap/-/internmap-2.0.3.tgz 0ms (cache hit)
1163 http cache d3-timer@https://registry.npmjs.org/d3-timer/-/d3-timer-3.0.1.tgz 0ms (cache hit)
1164 http cache d3-time@https://registry.npmjs.org/d3-time/-/d3-time-3.1.0.tgz 0ms (cache hit)
1165 http cache d3-shape@https://registry.npmjs.org/d3-shape/-/d3-shape-3.2.0.tgz 0ms (cache hit)
1166 http cache @types/d3-path@https://registry.npmjs.org/@types/d3-path/-/d3-path-3.1.1.tgz 0ms (cache hit)
1167 http cache d3-interpolate@https://registry.npmjs.org/d3-interpolate/-/d3-interpolate-3.0.1.tgz 0ms (cache hit)
1168 http cache @types/d3-color@https://registry.npmjs.org/@types/d3-color/-/d3-color-3.1.3.tgz 0ms (cache hit)
1169 http cache d3-scale@https://registry.npmjs.org/d3-scale/-/d3-scale-4.0.2.tgz 0ms (cache hit)
1170 http cache @types/d3-timer@https://registry.npmjs.org/@types/d3-timer/-/d3-timer-3.0.2.tgz 0ms (cache hit)
1171 http cache d3-ease@https://registry.npmjs.org/d3-ease/-/d3-ease-3.0.1.tgz 0ms (cache hit)
1172 http cache d3-array@https://registry.npmjs.org/d3-array/-/d3-array-3.2.4.tgz 0ms (cache hit)
1173 http cache @types/d3-shape@https://registry.npmjs.org/@types/d3-shape/-/d3-shape-3.1.8.tgz 0ms (cache hit)
1174 http cache @types/d3-time@https://registry.npmjs.org/@types/d3-time/-/d3-time-3.0.4.tgz 0ms (cache hit)
1175 http cache @types/d3-ease@https://registry.npmjs.org/@types/d3-ease/-/d3-ease-3.0.2.tgz 0ms (cache hit)
1176 http cache @types/d3-interpolate@https://registry.npmjs.org/@types/d3-interpolate/-/d3-interpolate-3.0.4.tgz 0ms (cache hit)
1177 http cache @types/d3-scale@https://registry.npmjs.org/@types/d3-scale/-/d3-scale-4.0.9.tgz 0ms (cache hit)
1178 http cache @types/d3-array@https://registry.npmjs.org/@types/d3-array/-/d3-array-3.2.2.tgz 0ms (cache hit)
1179 http cache @babel/runtime@https://registry.npmjs.org/@babel/runtime/-/runtime-7.29.2.tgz 0ms (cache hit)
1180 http cache decimal.js-light@https://registry.npmjs.org/decimal.js-light/-/decimal.js-light-2.5.1.tgz 0ms (cache hit)
1181 http cache object-assign@https://registry.npmjs.org/object-assign/-/object-assign-4.1.1.tgz 0ms (cache hit)
1182 http cache dom-helpers@https://registry.npmjs.org/dom-helpers/-/dom-helpers-5.2.1.tgz 1ms (cache hit)
1183 http cache prop-types@https://registry.npmjs.org/prop-types/-/prop-types-15.8.1.tgz 0ms (cache hit)
1184 http cache react-transition-group@https://registry.npmjs.org/react-transition-group/-/react-transition-group-4.4.5.tgz 0ms (cache hit)
1185 http cache fast-equals@https://registry.npmjs.org/fast-equals/-/fast-equals-5.4.0.tgz 0ms (cache hit)
1186 http cache victory-vendor@https://registry.npmjs.org/victory-vendor/-/victory-vendor-36.9.2.tgz 0ms (cache hit)
1187 http cache tiny-invariant@https://registry.npmjs.org/tiny-invariant/-/tiny-invariant-1.3.3.tgz 0ms (cache hit)
1188 http cache react-smooth@https://registry.npmjs.org/react-smooth/-/react-smooth-4.0.4.tgz 0ms (cache hit)
1189 http cache escalade@https://registry.npmjs.org/escalade/-/escalade-3.2.0.tgz 0ms (cache hit)
1190 http cache recharts-scale@https://registry.npmjs.org/recharts-scale/-/recharts-scale-0.4.5.tgz 0ms (cache hit)
1191 http cache lodash@https://registry.npmjs.org/lodash/-/lodash-4.18.1.tgz 0ms (cache hit)
1192 http cache clsx@https://registry.npmjs.org/clsx/-/clsx-2.1.1.tgz 0ms (cache hit)
1193 http cache eventemitter3@https://registry.npmjs.org/eventemitter3/-/eventemitter3-4.0.7.tgz 0ms (cache hit)
1194 http cache @remix-run/router@https://registry.npmjs.org/@remix-run/router/-/router-1.23.2.tgz 0ms (cache hit)
1195 http cache react-router@https://registry.npmjs.org/react-router/-/react-router-6.30.3.tgz 0ms (cache hit)
1196 http cache scheduler@https://registry.npmjs.org/scheduler/-/scheduler-0.23.2.tgz 0ms (cache hit)
1197 http cache loose-envify@https://registry.npmjs.org/loose-envify/-/loose-envify-1.4.0.tgz 0ms (cache hit)
1198 http cache mime-db@https://registry.npmjs.org/mime-db/-/mime-db-1.52.0.tgz 0ms (cache hit)
1199 http cache yallist@https://registry.npmjs.org/yallist/-/yallist-3.1.1.tgz 0ms (cache hit)
1200 http cache math-intrinsics@https://registry.npmjs.org/math-intrinsics/-/math-intrinsics-1.1.0.tgz 0ms (cache hit)
1201 http cache dunder-proto@https://registry.npmjs.org/dunder-proto/-/dunder-proto-1.0.1.tgz 0ms (cache hit)
1202 http cache has-symbols@https://registry.npmjs.org/has-symbols/-/has-symbols-1.1.0.tgz 0ms (cache hit)
1203 http cache gopd@https://registry.npmjs.org/gopd/-/gopd-1.2.0.tgz 0ms (cache hit)
1204 http cache es-object-atoms@https://registry.npmjs.org/es-object-atoms/-/es-object-atoms-1.1.1.tgz 0ms (cache hit)
1205 http cache react-is@https://registry.npmjs.org/react-is/-/react-is-18.3.1.tgz 0ms (cache hit)
1206 http cache function-bind@https://registry.npmjs.org/function-bind/-/function-bind-1.1.2.tgz 0ms (cache hit)
1207 http cache get-proto@https://registry.npmjs.org/get-proto/-/get-proto-1.0.1.tgz 1ms (cache hit)
1208 http cache tslib@https://registry.npmjs.org/tslib/-/tslib-2.8.1.tgz 0ms (cache hit)
1209 http cache motion-utils@https://registry.npmjs.org/motion-utils/-/motion-utils-11.18.1.tgz 0ms (cache hit)
1210 http cache motion-dom@https://registry.npmjs.org/motion-dom/-/motion-dom-11.18.1.tgz 0ms (cache hit)
1211 http cache has-tostringtag@https://registry.npmjs.org/has-tostringtag/-/has-tostringtag-1.0.2.tgz 0ms (cache hit)
1212 http cache get-intrinsic@https://registry.npmjs.org/get-intrinsic/-/get-intrinsic-1.3.0.tgz 0ms (cache hit)
1213 http cache delayed-stream@https://registry.npmjs.org/delayed-stream/-/delayed-stream-1.0.0.tgz 0ms (cache hit)
1214 http cache es-define-property@https://registry.npmjs.org/es-define-property/-/es-define-property-1.0.1.tgz 0ms (cache hit)
1215 http cache es-errors@https://registry.npmjs.org/es-errors/-/es-errors-1.3.0.tgz 0ms (cache hit)
1216 http cache mime-types@https://registry.npmjs.org/mime-types/-/mime-types-2.1.35.tgz 0ms (cache hit)
1217 http cache hasown@https://registry.npmjs.org/hasown/-/hasown-2.0.2.tgz 0ms (cache hit)
1218 http cache es-set-tostringtag@https://registry.npmjs.org/es-set-tostringtag/-/es-set-tostringtag-2.1.0.tgz 0ms (cache hit)
1219 http cache combined-stream@https://registry.npmjs.org/combined-stream/-/combined-stream-1.0.8.tgz 0ms (cache hit)
1220 http cache update-browserslist-db@https://registry.npmjs.org/update-browserslist-db/-/update-browserslist-db-1.2.3.tgz 1ms (cache hit)
1221 http cache ms@https://registry.npmjs.org/ms/-/ms-2.1.3.tgz 0ms (cache hit)
1222 http cache asynckit@https://registry.npmjs.org/asynckit/-/asynckit-0.4.0.tgz 0ms (cache hit)
1223 http cache electron-to-chromium@https://registry.npmjs.org/electron-to-chromium/-/electron-to-chromium-1.5.331.tgz 0ms (cache hit)
1224 http cache call-bind-apply-helpers@https://registry.npmjs.org/call-bind-apply-helpers/-/call-bind-apply-helpers-1.0.2.tgz 0ms (cache hit)
1225 http cache proxy-from-env@https://registry.npmjs.org/proxy-from-env/-/proxy-from-env-2.1.0.tgz 0ms (cache hit)
1226 http cache caniuse-lite@https://registry.npmjs.org/caniuse-lite/-/caniuse-lite-1.0.30001785.tgz 0ms (cache hit)
1227 http cache baseline-browser-mapping@https://registry.npmjs.org/baseline-browser-mapping/-/baseline-browser-mapping-2.10.14.tgz 0ms (cache hit)
1228 http cache follow-redirects@https://registry.npmjs.org/follow-redirects/-/follow-redirects-1.15.11.tgz 0ms (cache hit)
1229 http cache @types/babel__traverse@https://registry.npmjs.org/@types/babel__traverse/-/babel__traverse-7.28.0.tgz 0ms (cache hit)
1230 http cache @types/babel__template@https://registry.npmjs.org/@types/babel__template/-/babel__template-7.4.4.tgz 0ms (cache hit)
1231 http cache form-data@https://registry.npmjs.org/form-data/-/form-data-4.0.5.tgz 0ms (cache hit)
1232 http cache @types/babel__generator@https://registry.npmjs.org/@types/babel__generator/-/babel__generator-7.27.0.tgz 0ms (cache hit)
1233 http cache @babel/helper-globals@https://registry.npmjs.org/@babel/helper-globals/-/helper-globals-7.28.0.tgz 0ms (cache hit)
1234 http cache @jridgewell/sourcemap-codec@https://registry.npmjs.org/@jridgewell/sourcemap-codec/-/sourcemap-codec-1.5.5.tgz 0ms (cache hit)
1235 http cache @jridgewell/resolve-uri@https://registry.npmjs.org/@jridgewell/resolve-uri/-/resolve-uri-3.1.2.tgz 0ms (cache hit)
1236 http cache @babel/helper-string-parser@https://registry.npmjs.org/@babel/helper-string-parser/-/helper-string-parser-7.27.1.tgz 0ms (cache hit)
1237 http cache lru-cache@https://registry.npmjs.org/lru-cache/-/lru-cache-5.1.1.tgz 0ms (cache hit)
1238 http cache browserslist@https://registry.npmjs.org/browserslist/-/browserslist-4.28.2.tgz 0ms (cache hit)
1239 http cache @babel/helper-plugin-utils@https://registry.npmjs.org/@babel/helper-plugin-utils/-/helper-plugin-utils-7.28.6.tgz 0ms (cache hit)
1240 http cache @babel/helper-module-imports@https://registry.npmjs.org/@babel/helper-module-imports/-/helper-module-imports-7.28.6.tgz 0ms (cache hit)
1241 http cache jsesc@https://registry.npmjs.org/jsesc/-/jsesc-3.1.0.tgz 0ms (cache hit)
1242 http cache @babel/helper-validator-option@https://registry.npmjs.org/@babel/helper-validator-option/-/helper-validator-option-7.27.1.tgz 0ms (cache hit)
1243 http cache @babel/compat-data@https://registry.npmjs.org/@babel/compat-data/-/compat-data-7.29.0.tgz 0ms (cache hit)
1244 http cache @jridgewell/trace-mapping@https://registry.npmjs.org/@jridgewell/trace-mapping/-/trace-mapping-0.3.31.tgz 0ms (cache hit)
1245 http cache @jridgewell/gen-mapping@https://registry.npmjs.org/@jridgewell/gen-mapping/-/gen-mapping-0.3.13.tgz 0ms (cache hit)
1246 http cache @babel/helper-validator-identifier@https://registry.npmjs.org/@babel/helper-validator-identifier/-/helper-validator-identifier-7.28.5.tgz 0ms (cache hit)
1247 http cache picocolors@https://registry.npmjs.org/picocolors/-/picocolors-1.1.1.tgz 0ms (cache hit)
1248 http cache js-tokens@https://registry.npmjs.org/js-tokens/-/js-tokens-4.0.0.tgz 0ms (cache hit)
1249 http cache node-releases@https://registry.npmjs.org/node-releases/-/node-releases-2.0.37.tgz 0ms (cache hit)
1250 http cache semver@https://registry.npmjs.org/semver/-/semver-6.3.1.tgz 0ms (cache hit)
1251 http cache json5@https://registry.npmjs.org/json5/-/json5-2.2.3.tgz 0ms (cache hit)
1252 http cache @jridgewell/remapping@https://registry.npmjs.org/@jridgewell/remapping/-/remapping-2.3.5.tgz 0ms (cache hit)
1253 http cache @babel/types@https://registry.npmjs.org/@babel/types/-/types-7.29.0.tgz 0ms (cache hit)
1254 http cache convert-source-map@https://registry.npmjs.org/convert-source-map/-/convert-source-map-2.0.0.tgz 0ms (cache hit)
1255 http cache debug@https://registry.npmjs.org/debug/-/debug-4.4.3.tgz 0ms (cache hit)
1256 http cache @babel/template@https://registry.npmjs.org/@babel/template/-/template-7.28.6.tgz 0ms (cache hit)
1257 http cache @babel/traverse@https://registry.npmjs.org/@babel/traverse/-/traverse-7.29.0.tgz 0ms (cache hit)
1258 http cache @babel/helpers@https://registry.npmjs.org/@babel/helpers/-/helpers-7.29.2.tgz 0ms (cache hit)
1259 http cache @babel/parser@https://registry.npmjs.org/@babel/parser/-/parser-7.29.2.tgz 0ms (cache hit)
1260 http cache @babel/helper-compilation-targets@https://registry.npmjs.org/@babel/helper-compilation-targets/-/helper-compilation-targets-7.28.6.tgz 0ms (cache hit)
1261 http cache @babel/helper-module-transforms@https://registry.npmjs.org/@babel/helper-module-transforms/-/helper-module-transforms-7.28.6.tgz 0ms (cache hit)
1262 http cache @babel/generator@https://registry.npmjs.org/@babel/generator/-/generator-7.29.1.tgz 0ms (cache hit)
1263 http cache @types/babel__core@https://registry.npmjs.org/@types/babel__core/-/babel__core-7.20.5.tgz 1ms (cache hit)
1264 http cache @babel/code-frame@https://registry.npmjs.org/@babel/code-frame/-/code-frame-7.29.0.tgz 0ms (cache hit)
1265 http cache react-refresh@https://registry.npmjs.org/react-refresh/-/react-refresh-0.17.0.tgz 0ms (cache hit)
1266 http cache @rolldown/pluginutils@https://registry.npmjs.org/@rolldown/pluginutils/-/pluginutils-1.0.0-beta.27.tgz 0ms (cache hit)
1267 http cache csstype@https://registry.npmjs.org/csstype/-/csstype-3.2.3.tgz 0ms (cache hit)
1268 http cache @types/prop-types@https://registry.npmjs.org/@types/prop-types/-/prop-types-15.7.15.tgz 0ms (cache hit)
1269 http cache recharts@https://registry.npmjs.org/recharts/-/recharts-2.15.4.tgz 0ms (cache hit)
1270 http cache @babel/plugin-transform-react-jsx-source@https://registry.npmjs.org/@babel/plugin-transform-react-jsx-source/-/plugin-transform-react-jsx-source-7.27.1.tgz 0ms (cache hit)
1271 http cache @babel/core@https://registry.npmjs.org/@babel/core/-/core-7.29.0.tgz 0ms (cache hit)
1272 http cache @babel/plugin-transform-react-jsx-self@https://registry.npmjs.org/@babel/plugin-transform-react-jsx-self/-/plugin-transform-react-jsx-self-7.27.1.tgz 0ms (cache hit)
1273 http cache react-router-dom@https://registry.npmjs.org/react-router-dom/-/react-router-dom-6.30.3.tgz 0ms (cache hit)
1274 http cache react-dom@https://registry.npmjs.org/react-dom/-/react-dom-18.3.1.tgz 0ms (cache hit)
1275 http cache lucide-react@https://registry.npmjs.org/lucide-react/-/lucide-react-0.344.0.tgz 0ms (cache hit)
1276 http cache react@https://registry.npmjs.org/react/-/react-18.3.1.tgz 0ms (cache hit)
1277 http cache @vitejs/plugin-react@https://registry.npmjs.org/@vitejs/plugin-react/-/plugin-react-4.7.0.tgz 0ms (cache hit)
1278 http cache @types/react-dom@https://registry.npmjs.org/@types/react-dom/-/react-dom-18.3.7.tgz 0ms (cache hit)
1279 http cache gensync@https://registry.npmjs.org/gensync/-/gensync-1.0.0-beta.2.tgz 0ms (cache hit)
1280 http cache vite@https://registry.npmjs.org/vite/-/vite-5.4.21.tgz 0ms (cache hit)
1281 http cache framer-motion@https://registry.npmjs.org/framer-motion/-/framer-motion-11.18.2.tgz 0ms (cache hit)
1282 http cache axios@https://registry.npmjs.org/axios/-/axios-1.14.0.tgz 0ms (cache hit)
1283 silly tarball no local data for @types/estree@https://registry.npmjs.org/@types/estree/-/estree-1.0.8.tgz. Extracting by manifest.
1284 http cache @types/react@https://registry.npmjs.org/@types/react/-/react-18.3.28.tgz 0ms (cache hit)
1285 silly tarball no local data for source-map-js@https://registry.npmjs.org/source-map-js/-/source-map-js-1.2.1.tgz. Extracting by manifest.
1286 silly tarball no local data for nanoid@https://registry.npmjs.org/nanoid/-/nanoid-3.3.11.tgz. Extracting by manifest.
1287 silly tarball no local data for rollup@https://registry.npmjs.org/rollup/-/rollup-4.60.1.tgz. Extracting by manifest.
1288 silly tarball no local data for @rollup/rollup-win32-x64-gnu@https://registry.npmjs.org/@rollup/rollup-win32-x64-gnu/-/rollup-win32-x64-gnu-4.60.1.tgz. Extracting by manifest.
1289 silly tarball no local data for @esbuild/win32-x64@https://registry.npmjs.org/@esbuild/win32-x64/-/win32-x64-0.21.5.tgz. Extracting by manifest.
1290 silly tarball no local data for @rollup/rollup-win32-x64-msvc@https://registry.npmjs.org/@rollup/rollup-win32-x64-msvc/-/rollup-win32-x64-msvc-4.60.1.tgz. Extracting by manifest.
1291 silly tarball no local data for esbuild@https://registry.npmjs.org/esbuild/-/esbuild-0.21.5.tgz. Extracting by manifest.
1292 silly tarball no local data for postcss@https://registry.npmjs.org/postcss/-/postcss-8.5.8.tgz. Extracting by manifest.
1293 silly tarball no local data for d3-path@https://registry.npmjs.org/d3-path/-/d3-path-3.1.0.tgz. Extracting by manifest.
1294 silly tarball no local data for d3-format@https://registry.npmjs.org/d3-format/-/d3-format-3.1.2.tgz. Extracting by manifest.
1295 http cache react-is@https://registry.npmjs.org/react-is/-/react-is-16.13.1.tgz 0ms (cache hit)
1296 silly tarball no local data for d3-color@https://registry.npmjs.org/d3-color/-/d3-color-3.1.0.tgz. Extracting by manifest.
1297 silly tarball no local data for d3-time-format@https://registry.npmjs.org/d3-time-format/-/d3-time-format-4.1.0.tgz. Extracting by manifest.
1298 silly tarball no local data for internmap@https://registry.npmjs.org/internmap/-/internmap-2.0.3.tgz. Extracting by manifest.
1299 silly tarball no local data for d3-timer@https://registry.npmjs.org/d3-timer/-/d3-timer-3.0.1.tgz. Extracting by manifest.
1300 silly tarball no local data for d3-time@https://registry.npmjs.org/d3-time/-/d3-time-3.1.0.tgz. Extracting by manifest.
1301 silly tarball no local data for d3-shape@https://registry.npmjs.org/d3-shape/-/d3-shape-3.2.0.tgz. Extracting by manifest.
1302 silly tarball no local data for @types/d3-path@https://registry.npmjs.org/@types/d3-path/-/d3-path-3.1.1.tgz. Extracting by manifest.
1303 silly tarball no local data for d3-interpolate@https://registry.npmjs.org/d3-interpolate/-/d3-interpolate-3.0.1.tgz. Extracting by manifest.
1304 silly tarball no local data for @types/d3-color@https://registry.npmjs.org/@types/d3-color/-/d3-color-3.1.3.tgz. Extracting by manifest.
1305 silly tarball no local data for d3-scale@https://registry.npmjs.org/d3-scale/-/d3-scale-4.0.2.tgz. Extracting by manifest.
1306 silly tarball no local data for @types/d3-timer@https://registry.npmjs.org/@types/d3-timer/-/d3-timer-3.0.2.tgz. Extracting by manifest.
1307 silly tarball no local data for d3-ease@https://registry.npmjs.org/d3-ease/-/d3-ease-3.0.1.tgz. Extracting by manifest.
1308 silly tarball no local data for d3-array@https://registry.npmjs.org/d3-array/-/d3-array-3.2.4.tgz. Extracting by manifest.
1309 silly tarball no local data for @types/d3-shape@https://registry.npmjs.org/@types/d3-shape/-/d3-shape-3.1.8.tgz. Extracting by manifest.
1310 silly tarball no local data for @types/d3-time@https://registry.npmjs.org/@types/d3-time/-/d3-time-3.0.4.tgz. Extracting by manifest.
1311 silly tarball no local data for @types/d3-ease@https://registry.npmjs.org/@types/d3-ease/-/d3-ease-3.0.2.tgz. Extracting by manifest.
1312 silly tarball no local data for @types/d3-interpolate@https://registry.npmjs.org/@types/d3-interpolate/-/d3-interpolate-3.0.4.tgz. Extracting by manifest.
1313 silly tarball no local data for @types/d3-scale@https://registry.npmjs.org/@types/d3-scale/-/d3-scale-4.0.9.tgz. Extracting by manifest.
1314 silly tarball no local data for @types/d3-array@https://registry.npmjs.org/@types/d3-array/-/d3-array-3.2.2.tgz. Extracting by manifest.
1315 silly tarball no local data for @babel/runtime@https://registry.npmjs.org/@babel/runtime/-/runtime-7.29.2.tgz. Extracting by manifest.
1316 silly tarball no local data for decimal.js-light@https://registry.npmjs.org/decimal.js-light/-/decimal.js-light-2.5.1.tgz. Extracting by manifest.
1317 silly tarball no local data for object-assign@https://registry.npmjs.org/object-assign/-/object-assign-4.1.1.tgz. Extracting by manifest.
1318 silly tarball no local data for dom-helpers@https://registry.npmjs.org/dom-helpers/-/dom-helpers-5.2.1.tgz. Extracting by manifest.
1319 silly tarball no local data for prop-types@https://registry.npmjs.org/prop-types/-/prop-types-15.8.1.tgz. Extracting by manifest.
1320 silly tarball no local data for react-transition-group@https://registry.npmjs.org/react-transition-group/-/react-transition-group-4.4.5.tgz. Extracting by manifest.
1321 silly tarball no local data for fast-equals@https://registry.npmjs.org/fast-equals/-/fast-equals-5.4.0.tgz. Extracting by manifest.
1322 silly tarball no local data for victory-vendor@https://registry.npmjs.org/victory-vendor/-/victory-vendor-36.9.2.tgz. Extracting by manifest.
1323 silly tarball no local data for tiny-invariant@https://registry.npmjs.org/tiny-invariant/-/tiny-invariant-1.3.3.tgz. Extracting by manifest.
1324 silly tarball no local data for react-smooth@https://registry.npmjs.org/react-smooth/-/react-smooth-4.0.4.tgz. Extracting by manifest.
1325 silly tarball no local data for escalade@https://registry.npmjs.org/escalade/-/escalade-3.2.0.tgz. Extracting by manifest.
1326 silly tarball no local data for recharts-scale@https://registry.npmjs.org/recharts-scale/-/recharts-scale-0.4.5.tgz. Extracting by manifest.
1327 silly tarball no local data for lodash@https://registry.npmjs.org/lodash/-/lodash-4.18.1.tgz. Extracting by manifest.
1328 silly tarball no local data for clsx@https://registry.npmjs.org/clsx/-/clsx-2.1.1.tgz. Extracting by manifest.
1329 silly tarball no local data for eventemitter3@https://registry.npmjs.org/eventemitter3/-/eventemitter3-4.0.7.tgz. Extracting by manifest.
1330 silly tarball no local data for @remix-run/router@https://registry.npmjs.org/@remix-run/router/-/router-1.23.2.tgz. Extracting by manifest.
1331 silly tarball no local data for react-router@https://registry.npmjs.org/react-router/-/react-router-6.30.3.tgz. Extracting by manifest.
1332 silly tarball no local data for scheduler@https://registry.npmjs.org/scheduler/-/scheduler-0.23.2.tgz. Extracting by manifest.
1333 silly tarball no local data for loose-envify@https://registry.npmjs.org/loose-envify/-/loose-envify-1.4.0.tgz. Extracting by manifest.
1334 silly tarball no local data for mime-db@https://registry.npmjs.org/mime-db/-/mime-db-1.52.0.tgz. Extracting by manifest.
1335 silly tarball no local data for yallist@https://registry.npmjs.org/yallist/-/yallist-3.1.1.tgz. Extracting by manifest.
1336 silly tarball no local data for math-intrinsics@https://registry.npmjs.org/math-intrinsics/-/math-intrinsics-1.1.0.tgz. Extracting by manifest.
1337 silly tarball no local data for dunder-proto@https://registry.npmjs.org/dunder-proto/-/dunder-proto-1.0.1.tgz. Extracting by manifest.
1338 silly tarball no local data for has-symbols@https://registry.npmjs.org/has-symbols/-/has-symbols-1.1.0.tgz. Extracting by manifest.
1339 silly tarball no local data for gopd@https://registry.npmjs.org/gopd/-/gopd-1.2.0.tgz. Extracting by manifest.
1340 silly tarball no local data for es-object-atoms@https://registry.npmjs.org/es-object-atoms/-/es-object-atoms-1.1.1.tgz. Extracting by manifest.
1341 silly tarball no local data for react-is@https://registry.npmjs.org/react-is/-/react-is-18.3.1.tgz. Extracting by manifest.
1342 silly tarball no local data for function-bind@https://registry.npmjs.org/function-bind/-/function-bind-1.1.2.tgz. Extracting by manifest.
1343 silly tarball no local data for get-proto@https://registry.npmjs.org/get-proto/-/get-proto-1.0.1.tgz. Extracting by manifest.
1344 silly tarball no local data for tslib@https://registry.npmjs.org/tslib/-/tslib-2.8.1.tgz. Extracting by manifest.
1345 silly tarball no local data for motion-utils@https://registry.npmjs.org/motion-utils/-/motion-utils-11.18.1.tgz. Extracting by manifest.
1346 silly tarball no local data for motion-dom@https://registry.npmjs.org/motion-dom/-/motion-dom-11.18.1.tgz. Extracting by manifest.
1347 silly tarball no local data for has-tostringtag@https://registry.npmjs.org/has-tostringtag/-/has-tostringtag-1.0.2.tgz. Extracting by manifest.
1348 silly tarball no local data for get-intrinsic@https://registry.npmjs.org/get-intrinsic/-/get-intrinsic-1.3.0.tgz. Extracting by manifest.
1349 silly tarball no local data for delayed-stream@https://registry.npmjs.org/delayed-stream/-/delayed-stream-1.0.0.tgz. Extracting by manifest.
1350 silly tarball no local data for es-define-property@https://registry.npmjs.org/es-define-property/-/es-define-property-1.0.1.tgz. Extracting by manifest.
1351 silly tarball no local data for es-errors@https://registry.npmjs.org/es-errors/-/es-errors-1.3.0.tgz. Extracting by manifest.
1352 silly tarball no local data for mime-types@https://registry.npmjs.org/mime-types/-/mime-types-2.1.35.tgz. Extracting by manifest.
1353 silly tarball no local data for hasown@https://registry.npmjs.org/hasown/-/hasown-2.0.2.tgz. Extracting by manifest.
1354 silly tarball no local data for es-set-tostringtag@https://registry.npmjs.org/es-set-tostringtag/-/es-set-tostringtag-2.1.0.tgz. Extracting by manifest.
1355 silly tarball no local data for combined-stream@https://registry.npmjs.org/combined-stream/-/combined-stream-1.0.8.tgz. Extracting by manifest.
1356 silly tarball no local data for update-browserslist-db@https://registry.npmjs.org/update-browserslist-db/-/update-browserslist-db-1.2.3.tgz. Extracting by manifest.
1357 silly tarball no local data for ms@https://registry.npmjs.org/ms/-/ms-2.1.3.tgz. Extracting by manifest.
1358 silly tarball no local data for asynckit@https://registry.npmjs.org/asynckit/-/asynckit-0.4.0.tgz. Extracting by manifest.
1359 silly tarball no local data for electron-to-chromium@https://registry.npmjs.org/electron-to-chromium/-/electron-to-chromium-1.5.331.tgz. Extracting by manifest.
1360 silly tarball no local data for call-bind-apply-helpers@https://registry.npmjs.org/call-bind-apply-helpers/-/call-bind-apply-helpers-1.0.2.tgz. Extracting by manifest.
1361 silly tarball no local data for proxy-from-env@https://registry.npmjs.org/proxy-from-env/-/proxy-from-env-2.1.0.tgz. Extracting by manifest.
1362 silly tarball no local data for caniuse-lite@https://registry.npmjs.org/caniuse-lite/-/caniuse-lite-1.0.30001785.tgz. Extracting by manifest.
1363 silly tarball no local data for baseline-browser-mapping@https://registry.npmjs.org/baseline-browser-mapping/-/baseline-browser-mapping-2.10.14.tgz. Extracting by manifest.
1364 silly tarball no local data for follow-redirects@https://registry.npmjs.org/follow-redirects/-/follow-redirects-1.15.11.tgz. Extracting by manifest.
1365 silly tarball no local data for @types/babel__traverse@https://registry.npmjs.org/@types/babel__traverse/-/babel__traverse-7.28.0.tgz. Extracting by manifest.
1366 silly tarball no local data for @types/babel__template@https://registry.npmjs.org/@types/babel__template/-/babel__template-7.4.4.tgz. Extracting by manifest.
1367 silly tarball no local data for form-data@https://registry.npmjs.org/form-data/-/form-data-4.0.5.tgz. Extracting by manifest.
1368 silly tarball no local data for @types/babel__generator@https://registry.npmjs.org/@types/babel__generator/-/babel__generator-7.27.0.tgz. Extracting by manifest.
1369 silly tarball no local data for @babel/helper-globals@https://registry.npmjs.org/@babel/helper-globals/-/helper-globals-7.28.0.tgz. Extracting by manifest.
1370 silly tarball no local data for @jridgewell/sourcemap-codec@https://registry.npmjs.org/@jridgewell/sourcemap-codec/-/sourcemap-codec-1.5.5.tgz. Extracting by manifest.
1371 silly tarball no local data for @jridgewell/resolve-uri@https://registry.npmjs.org/@jridgewell/resolve-uri/-/resolve-uri-3.1.2.tgz. Extracting by manifest.
1372 silly tarball no local data for @babel/helper-string-parser@https://registry.npmjs.org/@babel/helper-string-parser/-/helper-string-parser-7.27.1.tgz. Extracting by manifest.
1373 silly tarball no local data for lru-cache@https://registry.npmjs.org/lru-cache/-/lru-cache-5.1.1.tgz. Extracting by manifest.
1374 silly tarball no local data for browserslist@https://registry.npmjs.org/browserslist/-/browserslist-4.28.2.tgz. Extracting by manifest.
1375 silly tarball no local data for @babel/helper-plugin-utils@https://registry.npmjs.org/@babel/helper-plugin-utils/-/helper-plugin-utils-7.28.6.tgz. Extracting by manifest.
1376 silly tarball no local data for @babel/helper-module-imports@https://registry.npmjs.org/@babel/helper-module-imports/-/helper-module-imports-7.28.6.tgz. Extracting by manifest.
1377 silly tarball no local data for jsesc@https://registry.npmjs.org/jsesc/-/jsesc-3.1.0.tgz. Extracting by manifest.
1378 silly tarball no local data for @babel/helper-validator-option@https://registry.npmjs.org/@babel/helper-validator-option/-/helper-validator-option-7.27.1.tgz. Extracting by manifest.
1379 silly tarball no local data for @babel/compat-data@https://registry.npmjs.org/@babel/compat-data/-/compat-data-7.29.0.tgz. Extracting by manifest.
1380 silly tarball no local data for @jridgewell/trace-mapping@https://registry.npmjs.org/@jridgewell/trace-mapping/-/trace-mapping-0.3.31.tgz. Extracting by manifest.
1381 silly tarball no local data for @jridgewell/gen-mapping@https://registry.npmjs.org/@jridgewell/gen-mapping/-/gen-mapping-0.3.13.tgz. Extracting by manifest.
1382 silly tarball no local data for @babel/helper-validator-identifier@https://registry.npmjs.org/@babel/helper-validator-identifier/-/helper-validator-identifier-7.28.5.tgz. Extracting by manifest.
1383 silly tarball no local data for picocolors@https://registry.npmjs.org/picocolors/-/picocolors-1.1.1.tgz. Extracting by manifest.
1384 silly tarball no local data for js-tokens@https://registry.npmjs.org/js-tokens/-/js-tokens-4.0.0.tgz. Extracting by manifest.
1385 silly tarball no local data for node-releases@https://registry.npmjs.org/node-releases/-/node-releases-2.0.37.tgz. Extracting by manifest.
1386 silly tarball no local data for semver@https://registry.npmjs.org/semver/-/semver-6.3.1.tgz. Extracting by manifest.
1387 silly tarball no local data for json5@https://registry.npmjs.org/json5/-/json5-2.2.3.tgz. Extracting by manifest.
1388 silly tarball no local data for @jridgewell/remapping@https://registry.npmjs.org/@jridgewell/remapping/-/remapping-2.3.5.tgz. Extracting by manifest.
1389 silly tarball no local data for @babel/types@https://registry.npmjs.org/@babel/types/-/types-7.29.0.tgz. Extracting by manifest.
1390 silly tarball no local data for convert-source-map@https://registry.npmjs.org/convert-source-map/-/convert-source-map-2.0.0.tgz. Extracting by manifest.
1391 silly tarball no local data for debug@https://registry.npmjs.org/debug/-/debug-4.4.3.tgz. Extracting by manifest.
1392 silly tarball no local data for @babel/template@https://registry.npmjs.org/@babel/template/-/template-7.28.6.tgz. Extracting by manifest.
1393 silly tarball no local data for @babel/traverse@https://registry.npmjs.org/@babel/traverse/-/traverse-7.29.0.tgz. Extracting by manifest.
1394 silly tarball no local data for @babel/helpers@https://registry.npmjs.org/@babel/helpers/-/helpers-7.29.2.tgz. Extracting by manifest.
1395 silly tarball no local data for @babel/parser@https://registry.npmjs.org/@babel/parser/-/parser-7.29.2.tgz. Extracting by manifest.
1396 silly tarball no local data for @babel/helper-compilation-targets@https://registry.npmjs.org/@babel/helper-compilation-targets/-/helper-compilation-targets-7.28.6.tgz. Extracting by manifest.
1397 silly tarball no local data for @babel/helper-module-transforms@https://registry.npmjs.org/@babel/helper-module-transforms/-/helper-module-transforms-7.28.6.tgz. Extracting by manifest.
1398 silly tarball no local data for @babel/generator@https://registry.npmjs.org/@babel/generator/-/generator-7.29.1.tgz. Extracting by manifest.
1399 silly tarball no local data for @types/babel__core@https://registry.npmjs.org/@types/babel__core/-/babel__core-7.20.5.tgz. Extracting by manifest.
1400 silly tarball no local data for @babel/code-frame@https://registry.npmjs.org/@babel/code-frame/-/code-frame-7.29.0.tgz. Extracting by manifest.
1401 silly tarball no local data for react-refresh@https://registry.npmjs.org/react-refresh/-/react-refresh-0.17.0.tgz. Extracting by manifest.
1402 silly tarball no local data for @rolldown/pluginutils@https://registry.npmjs.org/@rolldown/pluginutils/-/pluginutils-1.0.0-beta.27.tgz. Extracting by manifest.
1403 silly tarball no local data for csstype@https://registry.npmjs.org/csstype/-/csstype-3.2.3.tgz. Extracting by manifest.
1404 silly tarball no local data for @types/prop-types@https://registry.npmjs.org/@types/prop-types/-/prop-types-15.7.15.tgz. Extracting by manifest.
1405 silly tarball no local data for recharts@https://registry.npmjs.org/recharts/-/recharts-2.15.4.tgz. Extracting by manifest.
1406 silly tarball no local data for @babel/plugin-transform-react-jsx-source@https://registry.npmjs.org/@babel/plugin-transform-react-jsx-source/-/plugin-transform-react-jsx-source-7.27.1.tgz. Extracting by manifest.
1407 silly tarball no local data for @babel/core@https://registry.npmjs.org/@babel/core/-/core-7.29.0.tgz. Extracting by manifest.
1408 silly tarball no local data for @babel/plugin-transform-react-jsx-self@https://registry.npmjs.org/@babel/plugin-transform-react-jsx-self/-/plugin-transform-react-jsx-self-7.27.1.tgz. Extracting by manifest.
1409 silly tarball no local data for react-router-dom@https://registry.npmjs.org/react-router-dom/-/react-router-dom-6.30.3.tgz. Extracting by manifest.
1410 silly tarball no local data for react-dom@https://registry.npmjs.org/react-dom/-/react-dom-18.3.1.tgz. Extracting by manifest.
1411 silly tarball no local data for lucide-react@https://registry.npmjs.org/lucide-react/-/lucide-react-0.344.0.tgz. Extracting by manifest.
1412 silly tarball no local data for react@https://registry.npmjs.org/react/-/react-18.3.1.tgz. Extracting by manifest.
1413 silly tarball no local data for @vitejs/plugin-react@https://registry.npmjs.org/@vitejs/plugin-react/-/plugin-react-4.7.0.tgz. Extracting by manifest.
1414 silly tarball no local data for @types/react-dom@https://registry.npmjs.org/@types/react-dom/-/react-dom-18.3.7.tgz. Extracting by manifest.
1415 silly tarball no local data for gensync@https://registry.npmjs.org/gensync/-/gensync-1.0.0-beta.2.tgz. Extracting by manifest.
1416 silly tarball no local data for vite@https://registry.npmjs.org/vite/-/vite-5.4.21.tgz. Extracting by manifest.
1417 silly tarball no local data for framer-motion@https://registry.npmjs.org/framer-motion/-/framer-motion-11.18.2.tgz. Extracting by manifest.
1418 silly tarball no local data for axios@https://registry.npmjs.org/axios/-/axios-1.14.0.tgz. Extracting by manifest.
1419 silly tarball no local data for @types/react@https://registry.npmjs.org/@types/react/-/react-18.3.28.tgz. Extracting by manifest.
1420 silly tarball no local data for react-is@https://registry.npmjs.org/react-is/-/react-is-16.13.1.tgz. Extracting by manifest.
1421 http fetch POST 200 https://registry.npmjs.org/-/npm/v1/security/advisories/bulk 628ms
1422 silly audit report {
1422 silly audit report   esbuild: [
1422 silly audit report     {
1422 silly audit report       id: 1102341,
1422 silly audit report       url: 'https://github.com/advisories/GHSA-67mh-4wv8-2f99',
1422 silly audit report       title: 'esbuild enables any website to send any requests to the development server and read the response',
1422 silly audit report       severity: 'moderate',
1422 silly audit report       vulnerable_versions: '<=0.24.2',
1422 silly audit report       cwe: [Array],
1422 silly audit report       cvss: [Object]
1422 silly audit report     }
1422 silly audit report   ]
1422 silly audit report }
1423 silly packumentCache corgi:https://registry.npmjs.org/esbuild cache-miss
1424 http fetch GET 200 https://registry.npmjs.org/nanoid/-/nanoid-3.3.11.tgz 491ms (cache miss)
1425 http fetch GET 200 https://registry.npmjs.org/@types/estree/-/estree-1.0.8.tgz 508ms (cache miss)
1426 http fetch GET 200 https://registry.npmjs.org/internmap/-/internmap-2.0.3.tgz 491ms (cache miss)
1427 http fetch GET 200 https://registry.npmjs.org/d3-format/-/d3-format-3.1.2.tgz 513ms (cache miss)
1428 http fetch GET 200 https://registry.npmjs.org/d3-path/-/d3-path-3.1.0.tgz 519ms (cache miss)
1429 http fetch GET 200 https://registry.npmjs.org/d3-color/-/d3-color-3.1.0.tgz 520ms (cache miss)
1430 http fetch GET 200 https://registry.npmjs.org/d3-time/-/d3-time-3.1.0.tgz 515ms (cache miss)
1431 http fetch GET 200 https://registry.npmjs.org/d3-timer/-/d3-timer-3.0.1.tgz 543ms (cache miss)
1432 http fetch GET 200 https://registry.npmjs.org/@types/d3-color/-/d3-color-3.1.3.tgz 637ms (cache miss)
1433 http fetch GET 200 https://registry.npmjs.org/@types/d3-interpolate/-/d3-interpolate-3.0.4.tgz 651ms (cache miss)
1434 http fetch GET 200 https://registry.npmjs.org/@types/d3-timer/-/d3-timer-3.0.2.tgz 668ms (cache miss)
1435 http fetch GET 200 https://registry.npmjs.org/d3-ease/-/d3-ease-3.0.1.tgz 662ms (cache miss)
1436 http fetch GET 200 https://registry.npmjs.org/esbuild/-/esbuild-0.21.5.tgz 693ms (cache miss)
1437 http fetch GET 200 https://registry.npmjs.org/@types/d3-ease/-/d3-ease-3.0.2.tgz 673ms (cache miss)
1438 http fetch GET 200 https://registry.npmjs.org/@types/d3-scale/-/d3-scale-4.0.9.tgz 687ms (cache miss)
1439 http fetch GET 200 https://registry.npmjs.org/@types/d3-shape/-/d3-shape-3.1.8.tgz 693ms (cache miss)
1440 http fetch GET 200 https://registry.npmjs.org/source-map-js/-/source-map-js-1.2.1.tgz 778ms (cache miss)
1441 http fetch GET 200 https://registry.npmjs.org/@types/d3-path/-/d3-path-3.1.1.tgz 763ms (cache miss)
1442 http fetch GET 200 https://registry.npmjs.org/d3-interpolate/-/d3-interpolate-3.0.1.tgz 806ms (cache miss)
1443 http fetch GET 200 https://registry.npmjs.org/d3-scale/-/d3-scale-4.0.2.tgz 818ms (cache miss)
1444 http fetch GET 200 https://registry.npmjs.org/d3-time-format/-/d3-time-format-4.1.0.tgz 852ms (cache miss)
1445 http fetch GET 200 https://registry.npmjs.org/postcss/-/postcss-8.5.8.tgz 901ms (cache miss)
1446 http fetch GET 200 https://registry.npmjs.org/d3-shape/-/d3-shape-3.2.0.tgz 910ms (cache miss)
1447 http fetch GET 200 https://registry.npmjs.org/d3-array/-/d3-array-3.2.4.tgz 894ms (cache miss)
1448 http fetch GET 200 https://registry.npmjs.org/object-assign/-/object-assign-4.1.1.tgz 960ms (cache miss)
1449 http fetch GET 200 https://registry.npmjs.org/@types/d3-array/-/d3-array-3.2.2.tgz 1008ms (cache miss)
1450 http fetch GET 200 https://registry.npmjs.org/prop-types/-/prop-types-15.8.1.tgz 1003ms (cache miss)
1451 http fetch GET 200 https://registry.npmjs.org/@types/d3-time/-/d3-time-3.0.4.tgz 1033ms (cache miss)
1452 http fetch GET 200 https://registry.npmjs.org/decimal.js-light/-/decimal.js-light-2.5.1.tgz 1031ms (cache miss)
1453 http fetch GET 200 https://registry.npmjs.org/tiny-invariant/-/tiny-invariant-1.3.3.tgz 1050ms (cache miss)
1454 http fetch GET 200 https://registry.npmjs.org/rollup/-/rollup-4.60.1.tgz 1151ms (cache miss)
1455 http fetch GET 200 https://registry.npmjs.org/fast-equals/-/fast-equals-5.4.0.tgz 1136ms (cache miss)
1456 http fetch GET 200 https://registry.npmjs.org/react-transition-group/-/react-transition-group-4.4.5.tgz 1168ms (cache miss)
1457 http fetch GET 200 https://registry.npmjs.org/@rollup/rollup-win32-x64-msvc/-/rollup-win32-x64-msvc-4.60.1.tgz 1293ms (cache miss)
1458 http fetch GET 200 https://registry.npmjs.org/escalade/-/escalade-3.2.0.tgz 1246ms (cache miss)
1459 http fetch GET 200 https://registry.npmjs.org/clsx/-/clsx-2.1.1.tgz 1283ms (cache miss)
1460 http fetch GET 200 https://registry.npmjs.org/eventemitter3/-/eventemitter3-4.0.7.tgz 1305ms (cache miss)
1461 http fetch GET 200 https://registry.npmjs.org/recharts-scale/-/recharts-scale-0.4.5.tgz 1371ms (cache miss)
1462 http fetch GET 200 https://registry.npmjs.org/react-smooth/-/react-smooth-4.0.4.tgz 1381ms (cache miss)
1463 http fetch GET 200 https://registry.npmjs.org/loose-envify/-/loose-envify-1.4.0.tgz 1414ms (cache miss)
1464 http fetch GET 200 https://registry.npmjs.org/yallist/-/yallist-3.1.1.tgz 1417ms (cache miss)
1465 http fetch GET 200 https://registry.npmjs.org/mime-db/-/mime-db-1.52.0.tgz 1433ms (cache miss)
1466 http fetch GET 200 https://registry.npmjs.org/gopd/-/gopd-1.2.0.tgz 1665ms (cache miss)
1467 http fetch GET 200 https://registry.npmjs.org/dunder-proto/-/dunder-proto-1.0.1.tgz 1668ms (cache miss)
1468 http fetch GET 200 https://registry.npmjs.org/react-is/-/react-is-18.3.1.tgz 1672ms (cache miss)
1469 http fetch GET 200 https://registry.npmjs.org/has-symbols/-/has-symbols-1.1.0.tgz 1682ms (cache miss)
1470 http fetch GET 200 https://registry.npmjs.org/scheduler/-/scheduler-0.23.2.tgz 1723ms (cache miss)
1471 http fetch GET 200 https://registry.npmjs.org/get-proto/-/get-proto-1.0.1.tgz 1719ms (cache miss)
1472 http fetch GET 200 https://registry.npmjs.org/es-object-atoms/-/es-object-atoms-1.1.1.tgz 1756ms (cache miss)
1473 http fetch GET 200 https://registry.npmjs.org/function-bind/-/function-bind-1.1.2.tgz 1777ms (cache miss)
1474 http fetch GET 200 https://registry.npmjs.org/tslib/-/tslib-2.8.1.tgz 1817ms (cache miss)
1475 http fetch GET 200 https://registry.npmjs.org/motion-utils/-/motion-utils-11.18.1.tgz 1817ms (cache miss)
1476 http fetch GET 200 https://registry.npmjs.org/@babel/runtime/-/runtime-7.29.2.tgz 1895ms (cache miss)
1477 http fetch GET 200 https://registry.npmjs.org/has-tostringtag/-/has-tostringtag-1.0.2.tgz 1862ms (cache miss)
1478 http fetch GET 200 https://registry.npmjs.org/delayed-stream/-/delayed-stream-1.0.0.tgz 1869ms (cache miss)
1479 http fetch GET 200 https://registry.npmjs.org/math-intrinsics/-/math-intrinsics-1.1.0.tgz 1890ms (cache miss)
1480 http fetch GET 200 https://registry.npmjs.org/get-intrinsic/-/get-intrinsic-1.3.0.tgz 1918ms (cache miss)
1481 http fetch GET 200 https://registry.npmjs.org/es-define-property/-/es-define-property-1.0.1.tgz 1919ms (cache miss)
1482 http fetch GET 200 https://registry.npmjs.org/es-errors/-/es-errors-1.3.0.tgz 1947ms (cache miss)
1483 http fetch GET 200 https://registry.npmjs.org/mime-types/-/mime-types-2.1.35.tgz 1951ms (cache miss)
1484 http fetch GET 200 https://registry.npmjs.org/es-set-tostringtag/-/es-set-tostringtag-2.1.0.tgz 1974ms (cache miss)
1485 http fetch GET 200 https://registry.npmjs.org/combined-stream/-/combined-stream-1.0.8.tgz 2055ms (cache miss)
1486 http fetch GET 200 https://registry.npmjs.org/react-router/-/react-router-6.30.3.tgz 2738ms (cache miss)
1487 http fetch GET 200 https://registry.npmjs.org/ms/-/ms-2.1.3.tgz 2714ms (cache miss)
1488 http fetch GET 200 https://registry.npmjs.org/asynckit/-/asynckit-0.4.0.tgz 2816ms (cache miss)
1489 http fetch GET 200 https://registry.npmjs.org/update-browserslist-db/-/update-browserslist-db-1.2.3.tgz 3038ms (cache miss)
1490 http fetch GET 200 https://registry.npmjs.org/call-bind-apply-helpers/-/call-bind-apply-helpers-1.0.2.tgz 3176ms (cache miss)
1491 http fetch GET 200 https://registry.npmjs.org/@rollup/rollup-win32-x64-gnu/-/rollup-win32-x64-gnu-4.60.1.tgz 3273ms (cache miss)
1492 http fetch GET 200 https://registry.npmjs.org/follow-redirects/-/follow-redirects-1.15.11.tgz 3241ms (cache miss)
1493 http fetch GET 200 https://registry.npmjs.org/@babel/helper-string-parser/-/helper-string-parser-7.27.1.tgz 3299ms (cache miss)
1494 http fetch GET 200 https://registry.npmjs.org/lru-cache/-/lru-cache-5.1.1.tgz 3354ms (cache miss)
1495 http fetch GET 200 https://registry.npmjs.org/@babel/helper-validator-identifier/-/helper-validator-identifier-7.28.5.tgz 3416ms (cache miss)
1496 http fetch GET 200 https://registry.npmjs.org/proxy-from-env/-/proxy-from-env-2.1.0.tgz 3586ms (cache miss)
1497 http fetch GET 200 https://registry.npmjs.org/@jridgewell/remapping/-/remapping-2.3.5.tgz 3569ms (cache miss)
1498 http fetch GET 200 https://registry.npmjs.org/jsesc/-/jsesc-3.1.0.tgz 3637ms (cache miss)
1499 http fetch GET 200 https://registry.npmjs.org/@babel/helper-plugin-utils/-/helper-plugin-utils-7.28.6.tgz 3640ms (cache miss)
1500 http fetch GET 200 https://registry.npmjs.org/@types/babel__traverse/-/babel__traverse-7.28.0.tgz 3661ms (cache miss)
1501 http fetch GET 200 https://registry.npmjs.org/node-releases/-/node-releases-2.0.37.tgz 3637ms (cache miss)
1502 http fetch GET 200 https://registry.npmjs.org/@babel/compat-data/-/compat-data-7.29.0.tgz 3692ms (cache miss)
1503 http fetch GET 200 https://registry.npmjs.org/convert-source-map/-/convert-source-map-2.0.0.tgz 3700ms (cache miss)
1504 http fetch GET 200 https://registry.npmjs.org/react-refresh/-/react-refresh-0.17.0.tgz 3694ms (cache miss)
1505 http fetch GET 200 https://registry.npmjs.org/@babel/helper-compilation-targets/-/helper-compilation-targets-7.28.6.tgz 3752ms (cache miss)
1506 http fetch GET 200 https://registry.npmjs.org/picocolors/-/picocolors-1.1.1.tgz 3772ms (cache miss)
1507 http fetch GET 200 https://registry.npmjs.org/@rolldown/pluginutils/-/pluginutils-1.0.0-beta.27.tgz 3758ms (cache miss)
1508 http fetch GET 200 https://registry.npmjs.org/@types/prop-types/-/prop-types-15.7.15.tgz 3771ms (cache miss)
1509 http fetch GET 200 https://registry.npmjs.org/@types/babel__core/-/babel__core-7.20.5.tgz 3819ms (cache miss)
1510 http fetch GET 200 https://registry.npmjs.org/js-tokens/-/js-tokens-4.0.0.tgz 3840ms (cache miss)
1511 http fetch GET 200 https://registry.npmjs.org/@babel/code-frame/-/code-frame-7.29.0.tgz 3823ms (cache miss)
1512 http fetch GET 200 https://registry.npmjs.org/@types/babel__template/-/babel__template-7.4.4.tgz 3890ms (cache miss)
1513 http fetch GET 200 https://registry.npmjs.org/@babel/helper-globals/-/helper-globals-7.28.0.tgz 3892ms (cache miss)
1514 http fetch GET 200 https://registry.npmjs.org/@babel/plugin-transform-react-jsx-source/-/plugin-transform-react-jsx-source-7.27.1.tgz 3854ms (cache miss)
1515 http fetch GET 200 https://registry.npmjs.org/@babel/helper-validator-option/-/helper-validator-option-7.27.1.tgz 3892ms (cache miss)
1516 http fetch GET 200 https://registry.npmjs.org/@types/babel__generator/-/babel__generator-7.27.0.tgz 3941ms (cache miss)
1517 http fetch GET 200 https://registry.npmjs.org/react-is/-/react-is-16.13.1.tgz 3853ms (cache miss)
1518 http fetch GET 200 https://registry.npmjs.org/gensync/-/gensync-1.0.0-beta.2.tgz 3897ms (cache miss)
1519 http fetch GET 200 https://registry.npmjs.org/@babel/plugin-transform-react-jsx-self/-/plugin-transform-react-jsx-self-7.27.1.tgz 3945ms (cache miss)
1520 http fetch GET 200 https://registry.npmjs.org/semver/-/semver-6.3.1.tgz 4009ms (cache miss)
1521 http fetch GET 200 https://registry.npmjs.org/debug/-/debug-4.4.3.tgz 4048ms (cache miss)
1522 http fetch GET 200 https://registry.npmjs.org/form-data/-/form-data-4.0.5.tgz 4101ms (cache miss)
1523 http fetch GET 200 https://registry.npmjs.org/@jridgewell/resolve-uri/-/resolve-uri-3.1.2.tgz 4094ms (cache miss)
1524 http fetch GET 200 https://registry.npmjs.org/hasown/-/hasown-2.0.2.tgz 4167ms (cache miss)
1525 http fetch GET 200 https://registry.npmjs.org/baseline-browser-mapping/-/baseline-browser-mapping-2.10.14.tgz 4265ms (cache miss)
1526 http fetch GET 200 https://registry.npmjs.org/@vitejs/plugin-react/-/plugin-react-4.7.0.tgz 4211ms (cache miss)
1527 http fetch GET 200 https://registry.npmjs.org/browserslist/-/browserslist-4.28.2.tgz 4282ms (cache miss)
1528 http fetch GET 200 https://registry.npmjs.org/@babel/helper-module-imports/-/helper-module-imports-7.28.6.tgz 4309ms (cache miss)
1529 http fetch GET 200 https://registry.npmjs.org/@types/react-dom/-/react-dom-18.3.7.tgz 4264ms (cache miss)
1530 http fetch GET 200 https://registry.npmjs.org/electron-to-chromium/-/electron-to-chromium-1.5.331.tgz 4378ms (cache miss)
1531 http fetch GET 200 https://registry.npmjs.org/@babel/template/-/template-7.28.6.tgz 4614ms (cache miss)
1532 http fetch GET 200 https://registry.npmjs.org/esbuild 4454ms (cache miss)
1533 silly packumentCache corgi:https://registry.npmjs.org/esbuild set size:undefined disposed:false
1534 http fetch GET 200 https://registry.npmjs.org/@babel/helper-module-transforms/-/helper-module-transforms-7.28.6.tgz 4761ms (cache miss)
1535 http fetch GET 200 https://registry.npmjs.org/json5/-/json5-2.2.3.tgz 4916ms (cache miss)
1536 http fetch GET 200 https://registry.npmjs.org/@types/react/-/react-18.3.28.tgz 4921ms (cache miss)
1537 http fetch GET 200 https://registry.npmjs.org/csstype/-/csstype-3.2.3.tgz 4952ms (cache miss)
1538 silly packumentCache corgi:https://registry.npmjs.org/vite cache-miss
1539 http fetch GET 200 https://registry.npmjs.org/react/-/react-18.3.1.tgz 5074ms (cache miss)
1540 http fetch GET 200 https://registry.npmjs.org/@jridgewell/sourcemap-codec/-/sourcemap-codec-1.5.5.tgz 5184ms (cache miss)
1541 http fetch GET 200 https://registry.npmjs.org/@esbuild/win32-x64/-/win32-x64-0.21.5.tgz 5318ms (cache miss)
1542 http fetch GET 200 https://registry.npmjs.org/@remix-run/router/-/router-1.23.2.tgz 5348ms (cache miss)
1543 http fetch GET 200 https://registry.npmjs.org/@jridgewell/gen-mapping/-/gen-mapping-0.3.13.tgz 5304ms (cache miss)
1544 http fetch GET 200 https://registry.npmjs.org/dom-helpers/-/dom-helpers-5.2.1.tgz 5489ms (cache miss)
1545 http fetch GET 200 https://registry.npmjs.org/react-router-dom/-/react-router-dom-6.30.3.tgz 5543ms (cache miss)
1546 http fetch GET 200 https://registry.npmjs.org/@babel/parser/-/parser-7.29.2.tgz 5588ms (cache miss)
1547 http fetch GET 200 https://registry.npmjs.org/motion-dom/-/motion-dom-11.18.1.tgz 5824ms (cache miss)
1548 http fetch GET 200 https://registry.npmjs.org/@jridgewell/trace-mapping/-/trace-mapping-0.3.31.tgz 6261ms (cache miss)
1549 http fetch GET 200 https://registry.npmjs.org/@babel/generator/-/generator-7.29.1.tgz 6299ms (cache miss)
1550 http fetch GET 200 https://registry.npmjs.org/vite 1590ms (cache miss)
1551 silly packumentCache corgi:https://registry.npmjs.org/vite set size:undefined disposed:false
1552 silly packumentCache corgi:https://registry.npmjs.org/@vitejs%2fplugin-react cache-miss
1553 http fetch GET 200 https://registry.npmjs.org/victory-vendor/-/victory-vendor-36.9.2.tgz 7630ms (cache miss)
1554 http fetch GET 200 https://registry.npmjs.org/@babel/traverse/-/traverse-7.29.0.tgz 7736ms (cache miss)
1555 http fetch GET 200 https://registry.npmjs.org/@vitejs%2fplugin-react 534ms (cache miss)
1556 silly packumentCache corgi:https://registry.npmjs.org/@vitejs%2fplugin-react set size:undefined disposed:false
1557 http fetch GET 200 https://registry.npmjs.org/vite/-/vite-5.4.21.tgz 8017ms (cache miss)
1558 http fetch GET 200 https://registry.npmjs.org/react-dom/-/react-dom-18.3.1.tgz 8264ms (cache miss)
1559 http fetch GET 200 https://registry.npmjs.org/axios/-/axios-1.14.0.tgz 8719ms (cache miss)
1560 http fetch GET 200 https://registry.npmjs.org/@babel/core/-/core-7.29.0.tgz 8813ms (cache miss)
1561 http fetch GET 200 https://registry.npmjs.org/@babel/types/-/types-7.29.0.tgz 9858ms (cache miss)
1562 http fetch GET 200 https://registry.npmjs.org/@babel/helpers/-/helpers-7.29.2.tgz 10027ms (cache miss)
1563 http fetch GET 200 https://registry.npmjs.org/recharts/-/recharts-2.15.4.tgz 11043ms (cache miss)
1564 http fetch GET 200 https://registry.npmjs.org/framer-motion/-/framer-motion-11.18.2.tgz 11436ms (cache miss)
1565 http fetch GET 200 https://registry.npmjs.org/lodash/-/lodash-4.18.1.tgz 13781ms (cache miss)
1566 http fetch GET 200 https://registry.npmjs.org/caniuse-lite/-/caniuse-lite-1.0.30001785.tgz 14257ms (cache miss)
1567 http fetch GET 200 https://registry.npmjs.org/lucide-react/-/lucide-react-0.344.0.tgz 20507ms (cache miss)
1568 info run esbuild@0.21.5 postinstall node_modules/esbuild node install.js
1569 info run esbuild@0.21.5 postinstall { code: 0, signal: null }
1570 silly ADD node_modules/@types/estree
1571 silly ADD node_modules/@rollup/rollup-win32-x64-msvc
1572 silly ADD node_modules/@rollup/rollup-win32-x64-gnu
1573 silly ADD node_modules/@rollup/rollup-win32-ia32-msvc
1574 silly ADD node_modules/@rollup/rollup-win32-arm64-msvc
1575 silly ADD node_modules/@rollup/rollup-openharmony-arm64
1576 silly ADD node_modules/@rollup/rollup-openbsd-x64
1577 silly ADD node_modules/@rollup/rollup-linux-x64-musl
1578 silly ADD node_modules/@rollup/rollup-linux-x64-gnu
1579 silly ADD node_modules/@rollup/rollup-linux-s390x-gnu
1580 silly ADD node_modules/@rollup/rollup-linux-riscv64-musl
1581 silly ADD node_modules/@rollup/rollup-linux-riscv64-gnu
1582 silly ADD node_modules/@rollup/rollup-linux-ppc64-musl
1583 silly ADD node_modules/@rollup/rollup-linux-ppc64-gnu
1584 silly ADD node_modules/@rollup/rollup-linux-loong64-musl
1585 silly ADD node_modules/@rollup/rollup-linux-loong64-gnu
1586 silly ADD node_modules/@rollup/rollup-linux-arm64-musl
1587 silly ADD node_modules/@rollup/rollup-linux-arm64-gnu
1588 silly ADD node_modules/@rollup/rollup-linux-arm-musleabihf
1589 silly ADD node_modules/@rollup/rollup-linux-arm-gnueabihf
1590 silly ADD node_modules/@rollup/rollup-freebsd-x64
1591 silly ADD node_modules/@rollup/rollup-freebsd-arm64
1592 silly ADD node_modules/@rollup/rollup-darwin-x64
1593 silly ADD node_modules/@rollup/rollup-darwin-arm64
1594 silly ADD node_modules/@rollup/rollup-android-arm64
1595 silly ADD node_modules/@rollup/rollup-android-arm-eabi
1596 silly ADD node_modules/source-map-js
1597 silly ADD node_modules/nanoid
1598 silly ADD node_modules/@esbuild/win32-x64
1599 silly ADD node_modules/@esbuild/win32-ia32
1600 silly ADD node_modules/@esbuild/win32-arm64
1601 silly ADD node_modules/@esbuild/sunos-x64
1602 silly ADD node_modules/@esbuild/openbsd-x64
1603 silly ADD node_modules/@esbuild/netbsd-x64
1604 silly ADD node_modules/@esbuild/linux-x64
1605 silly ADD node_modules/@esbuild/linux-s390x
1606 silly ADD node_modules/@esbuild/linux-riscv64
1607 silly ADD node_modules/@esbuild/linux-ppc64
1608 silly ADD node_modules/@esbuild/linux-mips64el
1609 silly ADD node_modules/@esbuild/linux-loong64
1610 silly ADD node_modules/@esbuild/linux-ia32
1611 silly ADD node_modules/@esbuild/linux-arm64
1612 silly ADD node_modules/@esbuild/linux-arm
1613 silly ADD node_modules/@esbuild/freebsd-x64
1614 silly ADD node_modules/@esbuild/freebsd-arm64
1615 silly ADD node_modules/@esbuild/darwin-x64
1616 silly ADD node_modules/@esbuild/darwin-arm64
1617 silly ADD node_modules/@esbuild/android-x64
1618 silly ADD node_modules/@esbuild/android-arm64
1619 silly ADD node_modules/@esbuild/android-arm
1620 silly ADD node_modules/@esbuild/aix-ppc64
1621 silly ADD node_modules/rollup
1622 silly ADD node_modules/postcss
1623 silly ADD node_modules/fsevents
1624 silly ADD node_modules/esbuild
1625 silly ADD node_modules/d3-path
1626 silly ADD node_modules/d3-time-format
1627 silly ADD node_modules/d3-format
1628 silly ADD node_modules/d3-color
1629 silly ADD node_modules/internmap
1630 silly ADD node_modules/@types/d3-path
1631 silly ADD node_modules/@types/d3-color
1632 silly ADD node_modules/d3-timer
1633 silly ADD node_modules/d3-time
1634 silly ADD node_modules/d3-shape
1635 silly ADD node_modules/d3-scale
1636 silly ADD node_modules/d3-interpolate
1637 silly ADD node_modules/d3-ease
1638 silly ADD node_modules/d3-array
1639 silly ADD node_modules/@types/d3-timer
1640 silly ADD node_modules/@types/d3-time
1641 silly ADD node_modules/@types/d3-shape
1642 silly ADD node_modules/@types/d3-scale
1643 silly ADD node_modules/@types/d3-interpolate
1644 silly ADD node_modules/@types/d3-ease
1645 silly ADD node_modules/@types/d3-array
1646 silly ADD node_modules/escalade
1647 silly ADD node_modules/decimal.js-light
1648 silly ADD node_modules/dom-helpers
1649 silly ADD node_modules/@babel/runtime
1650 silly ADD node_modules/object-assign
1651 silly ADD node_modules/react-transition-group
1652 silly ADD node_modules/prop-types
1653 silly ADD node_modules/prop-types/node_modules/react-is
1654 silly ADD node_modules/fast-equals
1655 silly ADD node_modules/victory-vendor
1656 silly ADD node_modules/tiny-invariant
1657 silly ADD node_modules/recharts-scale
1658 silly ADD node_modules/react-smooth
1659 silly ADD node_modules/react-is
1660 silly ADD node_modules/lodash
1661 silly ADD node_modules/eventemitter3
1662 silly ADD node_modules/clsx
1663 silly ADD node_modules/react-router
1664 silly ADD node_modules/@remix-run/router
1665 silly ADD node_modules/scheduler
1666 silly ADD node_modules/loose-envify
1667 silly ADD node_modules/mime-db
1668 silly ADD node_modules/yallist
1669 silly ADD node_modules/dunder-proto
1670 silly ADD node_modules/math-intrinsics
1671 silly ADD node_modules/has-symbols
1672 silly ADD node_modules/gopd
1673 silly ADD node_modules/get-proto
1674 silly ADD node_modules/function-bind
1675 silly ADD node_modules/es-object-atoms
1676 silly ADD node_modules/es-define-property
1677 silly ADD node_modules/call-bind-apply-helpers
1678 silly ADD node_modules/tslib
1679 silly ADD node_modules/motion-utils
1680 silly ADD node_modules/motion-dom
1681 silly ADD node_modules/has-tostringtag
1682 silly ADD node_modules/get-intrinsic
1683 silly ADD node_modules/es-errors
1684 silly ADD node_modules/delayed-stream
1685 silly ADD node_modules/mime-types
1686 silly ADD node_modules/hasown
1687 silly ADD node_modules/es-set-tostringtag
1688 silly ADD node_modules/combined-stream
1689 silly ADD node_modules/asynckit
1690 silly ADD node_modules/ms
1691 silly ADD node_modules/update-browserslist-db
1692 silly ADD node_modules/node-releases
1693 silly ADD node_modules/electron-to-chromium
1694 silly ADD node_modules/caniuse-lite
1695 silly ADD node_modules/baseline-browser-mapping
1696 silly ADD node_modules/proxy-from-env
1697 silly ADD node_modules/form-data
1698 silly ADD node_modules/follow-redirects
1699 silly ADD node_modules/@types/babel__traverse
1700 silly ADD node_modules/@types/babel__template
1701 silly ADD node_modules/@types/babel__generator
1702 silly ADD node_modules/@jridgewell/resolve-uri
1703 silly ADD node_modules/@jridgewell/sourcemap-codec
1704 silly ADD node_modules/@babel/helper-string-parser
1705 silly ADD node_modules/@babel/helper-globals
1706 silly ADD node_modules/@babel/helper-plugin-utils
1707 silly ADD node_modules/@babel/helper-module-imports
1708 silly ADD node_modules/lru-cache
1709 silly ADD node_modules/browserslist
1710 silly ADD node_modules/@babel/helper-validator-option
1711 silly ADD node_modules/@babel/compat-data
1712 silly ADD node_modules/jsesc
1713 silly ADD node_modules/@jridgewell/trace-mapping
1714 silly ADD node_modules/@jridgewell/gen-mapping
1715 silly ADD node_modules/picocolors
1716 silly ADD node_modules/js-tokens
1717 silly ADD node_modules/@babel/helper-validator-identifier
1718 silly ADD node_modules/semver
1719 silly ADD node_modules/json5
1720 silly ADD node_modules/gensync
1721 silly ADD node_modules/debug
1722 silly ADD node_modules/convert-source-map
1723 silly ADD node_modules/@jridgewell/remapping
1724 silly ADD node_modules/@babel/types
1725 silly ADD node_modules/@babel/traverse
1726 silly ADD node_modules/@babel/template
1727 silly ADD node_modules/@babel/parser
1728 silly ADD node_modules/@babel/helpers
1729 silly ADD node_modules/@babel/helper-module-transforms
1730 silly ADD node_modules/@babel/helper-compilation-targets
1731 silly ADD node_modules/@babel/generator
1732 silly ADD node_modules/@babel/code-frame
1733 silly ADD node_modules/react-refresh
1734 silly ADD node_modules/@types/babel__core
1735 silly ADD node_modules/@rolldown/pluginutils
1736 silly ADD node_modules/@babel/plugin-transform-react-jsx-source
1737 silly ADD node_modules/@babel/plugin-transform-react-jsx-self
1738 silly ADD node_modules/@babel/core
1739 silly ADD node_modules/csstype
1740 silly ADD node_modules/@types/prop-types
1741 silly ADD node_modules/recharts
1742 silly ADD node_modules/react-router-dom
1743 silly ADD node_modules/react-dom
1744 silly ADD node_modules/react
1745 silly ADD node_modules/lucide-react
1746 silly ADD node_modules/framer-motion
1747 silly ADD node_modules/axios
1748 silly ADD node_modules/vite
1749 silly ADD node_modules/@vitejs/plugin-react
1750 silly ADD node_modules/@types/react-dom
1751 silly ADD node_modules/@types/react
1752 verbose cwd C:\Users\bunny\OneDrive\Desktop\D UI
1753 verbose os Windows_NT 10.0.26200
1754 verbose node v22.13.1
1755 verbose npm  v11.4.1
1756 verbose exit 0
1757 info ok
